response,field,id,info
CREATED,participant_id,PMGRC-1-1-0
CREATED,participant_id,PMGRC-10-8-1
CREATED,participant_id,PMGRC-100-101-3
CREATED,participant_id,PMGRC-1000-1000-0
CREATED,participant_id,PMGRC-1001-1001-0
CREATED,participant_id,PMGRC-1002-1002-0
CREATED,participant_id,PMGRC-1003-1003-0
CREATED,participant_id,PMGRC-1004-1004-0
CREATED,participant_id,PMGRC-1005-1005-0
CREATED,participant_id,PMGRC-1006-1006-0
CREATED,participant_id,PMGRC-1007-1007-0
CREATED,participant_id,PMGRC-1008-1008-0
CREATED,participant_id,PMGRC-1009-1009-0
CREATED,participant_id,PMGRC-101-101-0
CREATED,participant_id,PMGRC-1010-1010-0
CREATED,participant_id,PMGRC-1011-1011-0
CREATED,participant_id,PMGRC-1012-1012-0
CREATED,participant_id,PMGRC-1013-1013-0
CREATED,participant_id,PMGRC-1014-1014-0
CREATED,participant_id,PMGRC-1015-1015-0
CREATED,participant_id,PMGRC-1016-1016-0
CREATED,participant_id,PMGRC-1017-1017-0
CREATED,participant_id,PMGRC-1018-1018-0
CREATED,participant_id,PMGRC-1019-1019-0
CREATED,participant_id,PMGRC-102-101-3
CREATED,participant_id,PMGRC-1020-1020-0
CREATED,participant_id,PMGRC-1021-1021-0
CREATED,participant_id,PMGRC-1022-1022-0
CREATED,participant_id,PMGRC-1023-1023-0
CREATED,participant_id,PMGRC-1024-1024-0
CREATED,participant_id,PMGRC-1025-1025-0
CREATED,participant_id,PMGRC-1026-1026-0
CREATED,participant_id,PMGRC-1027-1027-0
CREATED,participant_id,PMGRC-1028-1028-0
CREATED,participant_id,PMGRC-1029-1029-0
CREATED,participant_id,PMGRC-103-106-1
CREATED,participant_id,PMGRC-1030-1030-0
CREATED,participant_id,PMGRC-1031-1031-0
CREATED,participant_id,PMGRC-1032-1032-0
CREATED,participant_id,PMGRC-1033-1033-0
CREATED,participant_id,PMGRC-1034-1034-0
CREATED,participant_id,PMGRC-1035-1035-0
CREATED,participant_id,PMGRC-1036-1036-0
CREATED,participant_id,PMGRC-1037-1037-0
CREATED,participant_id,PMGRC-1038-1038-0
CREATED,participant_id,PMGRC-1039-1039-0
CREATED,participant_id,PMGRC-104-104-0
CREATED,participant_id,PMGRC-1040-1040-0
CREATED,participant_id,PMGRC-1041-1041-0
CREATED,participant_id,PMGRC-1042-1042-0
CREATED,participant_id,PMGRC-1043-1043-0
CREATED,participant_id,PMGRC-1044-1044-0
CREATED,participant_id,PMGRC-1045-1045-0
CREATED,participant_id,PMGRC-1046-1046-0
CREATED,participant_id,PMGRC-1047-1047-0
CREATED,participant_id,PMGRC-1048-1048-0
CREATED,participant_id,PMGRC-1049-1049-0
CREATED,participant_id,PMGRC-105-106-2
CREATED,participant_id,PMGRC-1050-1050-0
CREATED,participant_id,PMGRC-1051-1051-0
CREATED,participant_id,PMGRC-1052-1052-0
CREATED,participant_id,PMGRC-1053-1052-3
CREATED,participant_id,PMGRC-1054-1052-1
CREATED,participant_id,PMGRC-1055-1052-2
CREATED,participant_id,PMGRC-1056-1064-1
CREATED,participant_id,PMGRC-1057-940-1
CREATED,participant_id,PMGRC-1058-1058-0
CREATED,participant_id,PMGRC-1059-801-3
CREATED,participant_id,PMGRC-106-106-0
CREATED,participant_id,PMGRC-1060-801-2
CREATED,participant_id,PMGRC-1061-801-1
CREATED,participant_id,PMGRC-1062-1063-2
CREATED,participant_id,PMGRC-1063-1063-0
CREATED,participant_id,PMGRC-1064-1064-0
CREATED,participant_id,PMGRC-1065-1065-0
CREATED,participant_id,PMGRC-1066-1067-2
CREATED,participant_id,PMGRC-1067-1067-0
CREATED,participant_id,PMGRC-1068-1067-1
CREATED,participant_id,PMGRC-1069-1069-0
CREATED,participant_id,PMGRC-107-107-0
CREATED,participant_id,PMGRC-1070-1069-2
CREATED,participant_id,PMGRC-1071-1069-1
CREATED,participant_id,PMGRC-1072-1064-3
CREATED,participant_id,PMGRC-1073-1064-2
CREATED,participant_id,PMGRC-1074-1074-0
CREATED,participant_id,PMGRC-1075-1065-2
CREATED,participant_id,PMGRC-1076-1065-3
CREATED,participant_id,PMGRC-1077-1078-2
CREATED,participant_id,PMGRC-1078-1078-0
CREATED,participant_id,PMGRC-1079-1065-3
CREATED,participant_id,PMGRC-108-108-0
CREATED,participant_id,PMGRC-1080-1065-1
CREATED,participant_id,PMGRC-1081-1081-0
CREATED,participant_id,PMGRC-1082-1081-2
CREATED,participant_id,PMGRC-1083-1081-1
CREATED,participant_id,PMGRC-1084-1085-2
CREATED,participant_id,PMGRC-1085-1085-0
CREATED,participant_id,PMGRC-1086-1088-1
CREATED,participant_id,PMGRC-1087-1088-2
CREATED,participant_id,PMGRC-1088-1088-0
CREATED,participant_id,PMGRC-1089-1091-1
CREATED,participant_id,PMGRC-109-108-2
CREATED,participant_id,PMGRC-1090-1091-2
CREATED,participant_id,PMGRC-1091-1091-0
CREATED,participant_id,PMGRC-1092-1092-0
CREATED,participant_id,PMGRC-1093-1094-2
CREATED,participant_id,PMGRC-1094-1094-0
CREATED,participant_id,PMGRC-1095-1096-2
CREATED,participant_id,PMGRC-1096-1096-0
CREATED,participant_id,PMGRC-1097-1097-0
CREATED,participant_id,PMGRC-1098-1097-2
CREATED,participant_id,PMGRC-1099-1099-0
CREATED,participant_id,PMGRC-11-11-0
CREATED,participant_id,PMGRC-110-108-1
CREATED,participant_id,PMGRC-1100-1094-1
CREATED,participant_id,PMGRC-1101-1101-0
CREATED,participant_id,PMGRC-1102-1102-0
CREATED,participant_id,PMGRC-1103-1104-2
CREATED,participant_id,PMGRC-1104-1104-0
CREATED,participant_id,PMGRC-1105-1105-0
CREATED,participant_id,PMGRC-1106-1107-2
CREATED,participant_id,PMGRC-1107-1107-0
CREATED,participant_id,PMGRC-1108-1109-2
CREATED,participant_id,PMGRC-1109-1109-0
CREATED,participant_id,PMGRC-111-107-2
CREATED,participant_id,PMGRC-1110-1110-0
CREATED,participant_id,PMGRC-1111-1111-0
CREATED,participant_id,PMGRC-1112-1113-2
CREATED,participant_id,PMGRC-1113-1113-0
CREATED,participant_id,PMGRC-1114-1114-0
CREATED,participant_id,PMGRC-1115-1116-2
CREATED,participant_id,PMGRC-1116-1116-0
CREATED,participant_id,PMGRC-1117-1109-1
CREATED,participant_id,PMGRC-1118-1119-2
CREATED,participant_id,PMGRC-1119-1119-0
CREATED,participant_id,PMGRC-112-112-0
CREATED,participant_id,PMGRC-1120-1116-1
CREATED,participant_id,PMGRC-1121-1121-0
CREATED,participant_id,PMGRC-1122-1122-0
CREATED,participant_id,PMGRC-1123-1122-3
CREATED,participant_id,PMGRC-1124-1122-2
CREATED,participant_id,PMGRC-1125-1122-1
CREATED,participant_id,PMGRC-1126-1126-0
CREATED,participant_id,PMGRC-1127-1097-1
CREATED,participant_id,PMGRC-1128-1129-2
CREATED,participant_id,PMGRC-1129-1129-0
CREATED,participant_id,PMGRC-113-114-2
CREATED,participant_id,PMGRC-1130-1129-3
CREATED,participant_id,PMGRC-1131-1129-1
CREATED,participant_id,PMGRC-1132-1132-0
CREATED,participant_id,PMGRC-1133-1132-2
CREATED,participant_id,PMGRC-1134-1134-0
CREATED,participant_id,PMGRC-1135-1135-0
CREATED,participant_id,PMGRC-1136-1137-2
CREATED,participant_id,PMGRC-1137-1137-0
CREATED,participant_id,PMGRC-1138-1137-3
CREATED,participant_id,PMGRC-1139-1137-1
CREATED,participant_id,PMGRC-114-114-0
CREATED,participant_id,PMGRC-1140-1142-1
CREATED,participant_id,PMGRC-1141-1142-2
CREATED,participant_id,PMGRC-1142-1142-0
CREATED,participant_id,PMGRC-1143-1150-1
CREATED,participant_id,PMGRC-1144-1147-2
CREATED,participant_id,PMGRC-1145-1147-1
CREATED,participant_id,PMGRC-1146-1147-3
CREATED,participant_id,PMGRC-1147-1147-0
CREATED,participant_id,PMGRC-1148-1147-3
CREATED,participant_id,PMGRC-1149-1150-2
CREATED,participant_id,PMGRC-115-114-1
CREATED,participant_id,PMGRC-1150-1150-0
CREATED,participant_id,PMGRC-1151-1152-2
CREATED,participant_id,PMGRC-1152-1152-0
CREATED,participant_id,PMGRC-1153-1154-2
CREATED,participant_id,PMGRC-1154-1154-0
CREATED,participant_id,PMGRC-1156-1110-2
CREATED,participant_id,PMGRC-1157-1159-2
CREATED,participant_id,PMGRC-1158-1159-3
CREATED,participant_id,PMGRC-1159-1159-0
CREATED,participant_id,PMGRC-116-116-0
CREATED,participant_id,PMGRC-1160-1161-2
CREATED,participant_id,PMGRC-1161-1161-0
CREATED,participant_id,PMGRC-1163-1102-4
CREATED,participant_id,PMGRC-1164-1102-4
CREATED,participant_id,PMGRC-1165-1167-2
CREATED,participant_id,PMGRC-1166-1167-1
CREATED,participant_id,PMGRC-1167-1167-0
CREATED,participant_id,PMGRC-1168-1102-3
CREATED,participant_id,PMGRC-1169-1170-2
CREATED,participant_id,PMGRC-117-116-2
CREATED,participant_id,PMGRC-1170-1170-0
CREATED,participant_id,PMGRC-1171-1172-2
CREATED,participant_id,PMGRC-1172-1172-0
CREATED,participant_id,PMGRC-1173-1173-0
CREATED,participant_id,PMGRC-1174-1102-4
CREATED,participant_id,PMGRC-1176-1110-3
CREATED,participant_id,PMGRC-1177-1110-1
CREATED,participant_id,PMGRC-1178-1179-2
CREATED,participant_id,PMGRC-1179-1179-0
CREATED,participant_id,PMGRC-118-118-0
CREATED,participant_id,PMGRC-1180-1179-1
CREATED,participant_id,PMGRC-1184-1185-2
CREATED,participant_id,PMGRC-1185-1185-0
CREATED,participant_id,PMGRC-1187-1172-1
CREATED,participant_id,PMGRC-119-118-2
CREATED,participant_id,PMGRC-1190-1192-2
CREATED,participant_id,PMGRC-1191-1192-1
CREATED,participant_id,PMGRC-1192-1192-0
CREATED,participant_id,PMGRC-1193-1193-0
CREATED,participant_id,PMGRC-1194-672-1
CREATED,participant_id,PMGRC-1195-1193-2
CREATED,participant_id,PMGRC-1196-1193-1
CREATED,participant_id,PMGRC-1197-1197-0
CREATED,participant_id,PMGRC-1198-1197-1
CREATED,participant_id,PMGRC-1199-1197-2
CREATED,participant_id,PMGRC-12-11-2
CREATED,participant_id,PMGRC-120-118-1
CREATED,participant_id,PMGRC-1200-1200-0
CREATED,participant_id,PMGRC-1201-1200-3
CREATED,participant_id,PMGRC-1202-1200-3
CREATED,participant_id,PMGRC-1203-1200-1
CREATED,participant_id,PMGRC-1204-1200-2
CREATED,participant_id,PMGRC-1205-1206-2
CREATED,participant_id,PMGRC-1206-1206-0
CREATED,participant_id,PMGRC-1207-1207-0
CREATED,participant_id,PMGRC-1208-1207-1
CREATED,participant_id,PMGRC-1209-1207-2
CREATED,participant_id,PMGRC-121-122-2
CREATED,participant_id,PMGRC-1210-1210-0
CREATED,participant_id,PMGRC-1211-1211-0
CREATED,participant_id,PMGRC-1212-1212-0
CREATED,participant_id,PMGRC-1213-1212-2
CREATED,participant_id,PMGRC-1214-1216-2
CREATED,participant_id,PMGRC-1215-1216-1
CREATED,participant_id,PMGRC-1216-1216-0
CREATED,participant_id,PMGRC-1217-1219-1
CREATED,participant_id,PMGRC-1218-1219-2
CREATED,participant_id,PMGRC-1219-1219-0
CREATED,participant_id,PMGRC-122-122-0
CREATED,participant_id,PMGRC-1220-1220-0
CREATED,participant_id,PMGRC-1221-1221-0
CREATED,participant_id,PMGRC-1222-1221-1
CREATED,participant_id,PMGRC-1223-1221-2
CREATED,participant_id,PMGRC-1224-1227-3
CREATED,participant_id,PMGRC-1225-1227-2
CREATED,participant_id,PMGRC-1226-1227-1
CREATED,participant_id,PMGRC-1227-1227-0
CREATED,participant_id,PMGRC-1228-1228-0
CREATED,participant_id,PMGRC-1229-1229-0
CREATED,participant_id,PMGRC-123-122-1
CREATED,participant_id,PMGRC-1231-1231-0
CREATED,participant_id,PMGRC-1232-1102-4
CREATED,participant_id,PMGRC-1234-1231-2
CREATED,participant_id,PMGRC-1235-1231-1
CREATED,participant_id,PMGRC-1236-1236-0
CREATED,participant_id,PMGRC-1237-1236-1
CREATED,participant_id,PMGRC-1238-1238-0
CREATED,participant_id,PMGRC-1239-1243-4
CREATED,participant_id,PMGRC-124-124-0
CREATED,participant_id,PMGRC-1240-1243-4
CREATED,participant_id,PMGRC-1241-1243-2
CREATED,participant_id,PMGRC-1242-1243-4
CREATED,participant_id,PMGRC-1243-1243-0
CREATED,participant_id,PMGRC-1244-1243-1
CREATED,participant_id,PMGRC-1245-1245-0
CREATED,participant_id,PMGRC-1248-1248-0
CREATED,participant_id,PMGRC-1249-1248-2
CREATED,participant_id,PMGRC-125-125-0
CREATED,participant_id,PMGRC-1250-1248-1
CREATED,participant_id,PMGRC-1252-1252-0
CREATED,participant_id,PMGRC-1255-1257-2
CREATED,participant_id,PMGRC-1256-1257-1
CREATED,participant_id,PMGRC-1257-1257-0
CREATED,participant_id,PMGRC-1258-1258-0
CREATED,participant_id,PMGRC-1259-1258-2
CREATED,participant_id,PMGRC-126-125-2
CREATED,participant_id,PMGRC-1260-1258-1
CREATED,participant_id,PMGRC-1261-1261-0
CREATED,participant_id,PMGRC-1262-1261-1
CREATED,participant_id,PMGRC-1263-1261-2
CREATED,participant_id,PMGRC-1268-1236-2
CREATED,participant_id,PMGRC-127-125-1
CREATED,participant_id,PMGRC-1271-1271-0
CREATED,participant_id,PMGRC-1272-1273-2
CREATED,participant_id,PMGRC-1273-1273-0
CREATED,participant_id,PMGRC-1274-1273-1
CREATED,participant_id,PMGRC-1275-1275-0
CREATED,participant_id,PMGRC-1276-1276-0
CREATED,participant_id,PMGRC-1277-1277-0
CREATED,participant_id,PMGRC-1278-1277-2
CREATED,participant_id,PMGRC-1279-1279-0
CREATED,participant_id,PMGRC-128-116-1
CREATED,participant_id,PMGRC-1280-1279-2
CREATED,participant_id,PMGRC-1281-1281-0
CREATED,participant_id,PMGRC-1282-1281-1
CREATED,participant_id,PMGRC-1283-1281-2
CREATED,participant_id,PMGRC-1284-1284-0
CREATED,participant_id,PMGRC-1285-1285-0
CREATED,participant_id,PMGRC-1286-1286-0
CREATED,participant_id,PMGRC-1287-1286-1
CREATED,participant_id,PMGRC-1288-1286-2
CREATED,participant_id,PMGRC-1289-1289-0
CREATED,participant_id,PMGRC-129-129-0
CREATED,participant_id,PMGRC-1290-1289-3
CREATED,participant_id,PMGRC-1291-1289-2
CREATED,participant_id,PMGRC-1292-1289-1
CREATED,participant_id,PMGRC-1293-1284-2
CREATED,participant_id,PMGRC-1294-1294-0
CREATED,participant_id,PMGRC-1295-1295-0
CREATED,participant_id,PMGRC-1296-1295-2
CREATED,participant_id,PMGRC-1297-1295-1
CREATED,participant_id,PMGRC-1298-1298-0
CREATED,participant_id,PMGRC-1299-1299-0
CREATED,participant_id,PMGRC-13-13-0
CREATED,participant_id,PMGRC-130-130-0
CREATED,participant_id,PMGRC-1300-1279-1
CREATED,participant_id,PMGRC-1304-1304-0
CREATED,participant_id,PMGRC-1305-1305-0
CREATED,participant_id,PMGRC-1306-1305-1
CREATED,participant_id,PMGRC-1307-1305-2
CREATED,participant_id,PMGRC-1308-1308-0
CREATED,participant_id,PMGRC-1309-1309-0
CREATED,participant_id,PMGRC-131-131-0
CREATED,participant_id,PMGRC-1310-1309-2
CREATED,participant_id,PMGRC-1311-1309-1
CREATED,participant_id,PMGRC-1312-1312-0
CREATED,participant_id,PMGRC-1313-1313-0
CREATED,participant_id,PMGRC-1314-1313-3
CREATED,participant_id,PMGRC-1315-1313-2
CREATED,participant_id,PMGRC-1316-1313-1
CREATED,participant_id,PMGRC-1317-1317-0
CREATED,participant_id,PMGRC-1318-1318-0
CREATED,participant_id,PMGRC-1319-1319-0
CREATED,participant_id,PMGRC-132-131-2
CREATED,participant_id,PMGRC-1321-1321-0
CREATED,participant_id,PMGRC-1322-1322-0
CREATED,participant_id,PMGRC-1323-1322-1
CREATED,participant_id,PMGRC-1324-1322-2
CREATED,participant_id,PMGRC-1325-1325-0
CREATED,participant_id,PMGRC-1326-1325-2
CREATED,participant_id,PMGRC-1327-1327-0
CREATED,participant_id,PMGRC-1328-1327-1
CREATED,participant_id,PMGRC-1329-1327-2
CREATED,participant_id,PMGRC-133-131-1
CREATED,participant_id,PMGRC-1330-1330-0
CREATED,participant_id,PMGRC-1331-1331-0
CREATED,participant_id,PMGRC-1332-1331-2
CREATED,participant_id,PMGRC-1333-1331-1
CREATED,participant_id,PMGRC-1334-1284-1
CREATED,participant_id,PMGRC-1335-1335-0
CREATED,participant_id,PMGRC-1336-1336-0
CREATED,participant_id,PMGRC-1337-1337-0
CREATED,participant_id,PMGRC-1338-1338-0
CREATED,participant_id,PMGRC-1339-1338-2
CREATED,participant_id,PMGRC-1340-1338-1
CREATED,participant_id,PMGRC-1341-1341-0
CREATED,participant_id,PMGRC-1342-1341-2
CREATED,participant_id,PMGRC-1343-1341-1
CREATED,participant_id,PMGRC-1344-1325-1
CREATED,participant_id,PMGRC-1345-1345-0
CREATED,participant_id,PMGRC-1346-1345-3
CREATED,participant_id,PMGRC-1347-1345-2
CREATED,participant_id,PMGRC-1348-1345-1
CREATED,participant_id,PMGRC-1349-1349-0
CREATED,participant_id,PMGRC-135-107-1
CREATED,participant_id,PMGRC-1350-1350-0
CREATED,participant_id,PMGRC-1351-1350-2
CREATED,participant_id,PMGRC-1352-1350-1
CREATED,participant_id,PMGRC-1354-1134-3
CREATED,participant_id,PMGRC-1355-1212-1
CREATED,participant_id,PMGRC-136-136-0
CREATED,participant_id,PMGRC-137-137-0
CREATED,participant_id,PMGRC-138-104-2
CREATED,participant_id,PMGRC-139-11-1
CREATED,participant_id,PMGRC-14-14-0
CREATED,participant_id,PMGRC-140-104-1
CREATED,participant_id,PMGRC-141-141-0
CREATED,participant_id,PMGRC-142-142-0
CREATED,participant_id,PMGRC-143-143-0
CREATED,participant_id,PMGRC-144-143-2
CREATED,participant_id,PMGRC-145-143-1
CREATED,participant_id,PMGRC-146-146-0
CREATED,participant_id,PMGRC-147-146-2
CREATED,participant_id,PMGRC-148-148-0
CREATED,participant_id,PMGRC-149-148-2
CREATED,participant_id,PMGRC-15-14-2
CREATED,participant_id,PMGRC-150-148-1
CREATED,participant_id,PMGRC-151-151-0
CREATED,participant_id,PMGRC-152-152-0
CREATED,participant_id,PMGRC-153-152-2
CREATED,participant_id,PMGRC-154-152-1
CREATED,participant_id,PMGRC-155-152-3
CREATED,participant_id,PMGRC-156-152-3
CREATED,participant_id,PMGRC-157-146-1
CREATED,participant_id,PMGRC-158-158-0
CREATED,participant_id,PMGRC-159-158-2
CREATED,participant_id,PMGRC-16-14-1
CREATED,participant_id,PMGRC-160-158-1
CREATED,participant_id,PMGRC-161-161-0
CREATED,participant_id,PMGRC-162-161-2
CREATED,participant_id,PMGRC-163-161-1
CREATED,participant_id,PMGRC-164-164-0
CREATED,participant_id,PMGRC-165-164-2
CREATED,participant_id,PMGRC-166-164-1
CREATED,participant_id,PMGRC-167-167-0
CREATED,participant_id,PMGRC-168-167-2
CREATED,participant_id,PMGRC-169-167-1
CREATED,participant_id,PMGRC-17-17-0
CREATED,participant_id,PMGRC-170-170-0
CREATED,participant_id,PMGRC-171-170-1
CREATED,participant_id,PMGRC-172-170-2
CREATED,participant_id,PMGRC-173-175-1
CREATED,participant_id,PMGRC-174-175-2
CREATED,participant_id,PMGRC-175-175-0
CREATED,participant_id,PMGRC-176-176-0
CREATED,participant_id,PMGRC-177-176-2
CREATED,participant_id,PMGRC-178-178-0
CREATED,participant_id,PMGRC-179-178-2
CREATED,participant_id,PMGRC-18-17-2
CREATED,participant_id,PMGRC-180-178-1
CREATED,participant_id,PMGRC-181-181-0
CREATED,participant_id,PMGRC-182-181-2
CREATED,participant_id,PMGRC-183-184-2
CREATED,participant_id,PMGRC-184-184-0
CREATED,participant_id,PMGRC-185-124-2
CREATED,participant_id,PMGRC-186-186-0
CREATED,participant_id,PMGRC-187-124-1
CREATED,participant_id,PMGRC-188-188-0
CREATED,participant_id,PMGRC-189-188-2
CREATED,participant_id,PMGRC-19-17-1
CREATED,participant_id,PMGRC-190-188-1
CREATED,participant_id,PMGRC-191-191-0
CREATED,participant_id,PMGRC-192-191-2
CREATED,participant_id,PMGRC-193-191-1
CREATED,participant_id,PMGRC-194-194-0
CREATED,participant_id,PMGRC-195-195-0
CREATED,participant_id,PMGRC-196-195-3
CREATED,participant_id,PMGRC-197-195-2
CREATED,participant_id,PMGRC-198-195-1
CREATED,participant_id,PMGRC-199-199-0
CREATED,participant_id,PMGRC-2-1-2
CREATED,participant_id,PMGRC-20-22-1
CREATED,participant_id,PMGRC-200-199-2
CREATED,participant_id,PMGRC-2001-2001-0
CREATED,participant_id,PMGRC-2005-2005-0
CREATED,participant_id,PMGRC-2007-2007-0
CREATED,participant_id,PMGRC-2009-2009-0
CREATED,participant_id,PMGRC-201-199-1
CREATED,participant_id,PMGRC-2010-2010-0
CREATED,participant_id,PMGRC-2012-2012-0
CREATED,participant_id,PMGRC-2014-2014-0
CREATED,participant_id,PMGRC-202-204-2
CREATED,participant_id,PMGRC-2022-2001-2
CREATED,participant_id,PMGRC-2023-2001-1
CREATED,participant_id,PMGRC-2024-2012-2
CREATED,participant_id,PMGRC-2025-2009-2
CREATED,participant_id,PMGRC-2026-2009-1
CREATED,participant_id,PMGRC-2027-2014-2
CREATED,participant_id,PMGRC-2028-2014-1
CREATED,participant_id,PMGRC-2029-2029-0
CREATED,participant_id,PMGRC-203-204-1
CREATED,participant_id,PMGRC-2031-2031-0
CREATED,participant_id,PMGRC-2033-2033-0
CREATED,participant_id,PMGRC-2034-2034-0
CREATED,participant_id,PMGRC-2037-2037-0
CREATED,participant_id,PMGRC-2038-2033-2
CREATED,participant_id,PMGRC-2039-2033-1
CREATED,participant_id,PMGRC-204-204-0
CREATED,participant_id,PMGRC-2040-2040-0
CREATED,participant_id,PMGRC-2041-2041-0
CREATED,participant_id,PMGRC-2044-2044-0
CREATED,participant_id,PMGRC-2045-2037-2
CREATED,participant_id,PMGRC-2046-2037-1
CREATED,participant_id,PMGRC-2047-2007-2
CREATED,participant_id,PMGRC-2048-2007-1
CREATED,participant_id,PMGRC-2049-2049-0
CREATED,participant_id,PMGRC-205-205-0
CREATED,participant_id,PMGRC-2050-2031-2
CREATED,participant_id,PMGRC-2051-2031-1
CREATED,participant_id,PMGRC-2052-2029-2
CREATED,participant_id,PMGRC-2053-2029-3
CREATED,participant_id,PMGRC-2056-2056-0
CREATED,participant_id,PMGRC-206-206-0
CREATED,participant_id,PMGRC-2065-2065-0
CREATED,participant_id,PMGRC-2066-2066-0
CREATED,participant_id,PMGRC-2067-2067-0
CREATED,participant_id,PMGRC-2068-2068-0
CREATED,participant_id,PMGRC-2069-2069
CREATED,participant_id,PMGRC-2069-2069-0
CREATED,participant_id,PMGRC-207-206-2
CREATED,participant_id,PMGRC-2070-2070-0
CREATED,participant_id,PMGRC-2071-2071-0
CREATED,participant_id,PMGRC-2072-2072-0
CREATED,participant_id,PMGRC-2073-2073-0
CREATED,participant_id,PMGRC-2074-2074-0
CREATED,participant_id,PMGRC-2075-2075-0
CREATED,participant_id,PMGRC-2076-2076-0
CREATED,participant_id,PMGRC-2077-2077-0
CREATED,participant_id,PMGRC-2078-2078-0
CREATED,participant_id,PMGRC-2079-2079-0
CREATED,participant_id,PMGRC-208-209-1
CREATED,participant_id,PMGRC-2080-2080-0
CREATED,participant_id,PMGRC-2081-2081-0
CREATED,participant_id,PMGRC-2082-2082-0
CREATED,participant_id,PMGRC-2083-2083-0
CREATED,participant_id,PMGRC-2084-2084-0
CREATED,participant_id,PMGRC-2085-2085-0
CREATED,participant_id,PMGRC-2086-2086-0
CREATED,participant_id,PMGRC-2087-2087-0
CREATED,participant_id,PMGRC-2088-2088-0
CREATED,participant_id,PMGRC-2089-2089-0
CREATED,participant_id,PMGRC-209-209-0
CREATED,participant_id,PMGRC-2090-2090-0
CREATED,participant_id,PMGRC-2091-2091-0
CREATED,participant_id,PMGRC-2092-2092-0
CREATED,participant_id,PMGRC-2093-2093-0
CREATED,participant_id,PMGRC-2094-2094-0
CREATED,participant_id,PMGRC-2095-2095-0
CREATED,participant_id,PMGRC-2096-2096-0
CREATED,participant_id,PMGRC-2097-2097-0
CREATED,participant_id,PMGRC-2098-2098-0
CREATED,participant_id,PMGRC-2099-2099-0
CREATED,participant_id,PMGRC-21-22-2
CREATED,participant_id,PMGRC-210-209-2
CREATED,participant_id,PMGRC-2100-2100-0
CREATED,participant_id,PMGRC-2101-2101-0
CREATED,participant_id,PMGRC-2102-2102-0
CREATED,participant_id,PMGRC-2103-2103-0
CREATED,participant_id,PMGRC-2104-2104-0
CREATED,participant_id,PMGRC-211-176-1
CREATED,participant_id,PMGRC-212-212-0
CREATED,participant_id,PMGRC-213-212-2
CREATED,participant_id,PMGRC-214-212-1
CREATED,participant_id,PMGRC-215-186-1
CREATED,participant_id,PMGRC-216-186-2
CREATED,participant_id,PMGRC-217-217-0
CREATED,participant_id,PMGRC-218-81-2
CREATED,participant_id,PMGRC-219-181-1
CREATED,participant_id,PMGRC-22-22-0
CREATED,participant_id,PMGRC-220-220-0
CREATED,participant_id,PMGRC-221-220-2
CREATED,participant_id,PMGRC-222-220-1
CREATED,participant_id,PMGRC-223-223-0
CREATED,participant_id,PMGRC-224-223-2
CREATED,participant_id,PMGRC-2244-2244-0
CREATED,participant_id,PMGRC-2247-2247-0
CREATED,participant_id,PMGRC-2248-2248-0
CREATED,participant_id,PMGRC-225-223-1
CREATED,participant_id,PMGRC-2250-2005-3
CREATED,participant_id,PMGRC-2252-2252-0
CREATED,participant_id,PMGRC-2253-2253-0
CREATED,participant_id,PMGRC-2254-2254-0
CREATED,participant_id,PMGRC-2255-2255-0
CREATED,participant_id,PMGRC-2256-2256-0
CREATED,participant_id,PMGRC-2257-2044-1
CREATED,participant_id,PMGRC-2258-2044-2
CREATED,participant_id,PMGRC-2259-2254-1
CREATED,participant_id,PMGRC-226-226-0
CREATED,participant_id,PMGRC-2260-2254-2
CREATED,participant_id,PMGRC-2261-2261-0
CREATED,participant_id,PMGRC-2262-2247-2
CREATED,participant_id,PMGRC-2263-2247-1
CREATED,participant_id,PMGRC-2265-2265-0
CREATED,participant_id,PMGRC-2266-2266-0
CREATED,participant_id,PMGRC-2267-2267-0
CREATED,participant_id,PMGRC-227-226-2
CREATED,participant_id,PMGRC-2270-2266-2
CREATED,participant_id,PMGRC-2271-2266-1
CREATED,participant_id,PMGRC-2275-2275-0
CREATED,participant_id,PMGRC-2276-2276-0
CREATED,participant_id,PMGRC-2277-2277-0
CREATED,participant_id,PMGRC-228-226-1
CREATED,participant_id,PMGRC-2280-2280-0
CREATED,participant_id,PMGRC-2286-2286-0
CREATED,participant_id,PMGRC-229-194-1
CREATED,participant_id,PMGRC-2290-2290-0
CREATED,participant_id,PMGRC-2297-2297-0
CREATED,participant_id,PMGRC-23-23-0
CREATED,participant_id,PMGRC-230-79-1
CREATED,participant_id,PMGRC-2300-2265-1
CREATED,participant_id,PMGRC-2301-2265-2
CREATED,participant_id,PMGRC-2304-2304-0
CREATED,participant_id,PMGRC-2305-2305-0
CREATED,participant_id,PMGRC-2306-2280
CREATED,participant_id,PMGRC-2306-2280-1
CREATED,participant_id,PMGRC-2307-2280-2
CREATED,participant_id,PMGRC-2308-2275-2
CREATED,participant_id,PMGRC-2309-2305-1
CREATED,participant_id,PMGRC-231-79-2
CREATED,participant_id,PMGRC-2310-2305-2
CREATED,participant_id,PMGRC-2311-2311-0
CREATED,participant_id,PMGRC-2312-2261-3
CREATED,participant_id,PMGRC-2313-2313-0
CREATED,participant_id,PMGRC-2314-2314-0
CREATED,participant_id,PMGRC-2315-2315-0
CREATED,participant_id,PMGRC-2316-2277-1
CREATED,participant_id,PMGRC-2317-2277-2
CREATED,participant_id,PMGRC-232-232-0
CREATED,participant_id,PMGRC-2321-2256-1
CREATED,participant_id,PMGRC-2322-2256-2
CREATED,participant_id,PMGRC-233-233-0
CREATED,participant_id,PMGRC-234-234-0
CREATED,participant_id,PMGRC-2341-2341-0
CREATED,participant_id,PMGRC-2342-2277-3
CREATED,participant_id,PMGRC-2345-2286-1
CREATED,participant_id,PMGRC-2346-2286-2
CREATED,participant_id,PMGRC-2347-2347-0
CREATED,participant_id,PMGRC-2348-2252-1
CREATED,participant_id,PMGRC-2349-2252-2
CREATED,participant_id,PMGRC-235-234-2
CREATED,participant_id,PMGRC-2350-2290-4
CREATED,participant_id,PMGRC-2353-2267-1
CREATED,participant_id,PMGRC-2354-2267-2
CREATED,participant_id,PMGRC-2357-2040-2
CREATED,participant_id,PMGRC-2359-2359-0
CREATED,participant_id,PMGRC-236-234-1
CREATED,participant_id,PMGRC-2362-2362-0
CREATED,participant_id,PMGRC-237-217-1
CREATED,participant_id,PMGRC-2371-2371-0
CREATED,participant_id,PMGRC-2373-2373-0
CREATED,participant_id,PMGRC-2374-2311-1
CREATED,participant_id,PMGRC-2375-2311-2
CREATED,participant_id,PMGRC-2376-2376
CREATED,participant_id,PMGRC-2377-2362-2
CREATED,participant_id,PMGRC-2378-2311-1
CREATED,participant_id,PMGRC-2379-2314-2
CREATED,participant_id,PMGRC-238-217-2
CREATED,participant_id,PMGRC-2380-2359-1
CREATED,participant_id,PMGRC-2381-2290-2
CREATED,participant_id,PMGRC-2382-2290-1
CREATED,participant_id,PMGRC-2383-2383-0
CREATED,participant_id,PMGRC-2385-2385-0
CREATED,participant_id,PMGRC-2386-2386-0
CREATED,participant_id,PMGRC-239-239-0
CREATED,participant_id,PMGRC-2390-2297-1
CREATED,participant_id,PMGRC-2391-2297-2
CREATED,participant_id,PMGRC-2392-2313-1
CREATED,participant_id,PMGRC-2393-2313-2
CREATED,participant_id,PMGRC-24-23-1
CREATED,participant_id,PMGRC-240-240-0
CREATED,participant_id,PMGRC-2400-2400-0
CREATED,participant_id,PMGRC-2404-2404-0
CREATED,participant_id,PMGRC-2406-2406-0
CREATED,participant_id,PMGRC-2408-2408-0
CREATED,participant_id,PMGRC-241-32-1
CREATED,participant_id,PMGRC-2411-2411-0
CREATED,participant_id,PMGRC-2416-2341-1
CREATED,participant_id,PMGRC-2417-2341-2
CREATED,participant_id,PMGRC-2419-2419-0
CREATED,participant_id,PMGRC-242-242-0
CREATED,participant_id,PMGRC-2422-2408-2
CREATED,participant_id,PMGRC-2423-2408-1
CREATED,participant_id,PMGRC-2426-2426-0
CREATED,participant_id,PMGRC-243-242-2
CREATED,participant_id,PMGRC-2434-2434-0
CREATED,participant_id,PMGRC-244-242-1
CREATED,participant_id,PMGRC-2440-2276-2
CREATED,participant_id,PMGRC-2441-2276-2
CREATED,participant_id,PMGRC-2441-2276-3
CREATED,participant_id,PMGRC-2443-2049-2
CREATED,participant_id,PMGRC-245-246-1
CREATED,participant_id,PMGRC-2450-2450-0
CREATED,participant_id,PMGRC-2453-2453-0
CREATED,participant_id,PMGRC-2454-2454-0
CREATED,participant_id,PMGRC-2459-2373-1
CREATED,participant_id,PMGRC-246-246-0
CREATED,participant_id,PMGRC-2460-2373-2
CREATED,participant_id,PMGRC-2466-2034-1
CREATED,participant_id,PMGRC-2467-2034-2
CREATED,participant_id,PMGRC-2468-2034-3
CREATED,participant_id,PMGRC-247-246-2
CREATED,participant_id,PMGRC-2473-2454-1
CREATED,participant_id,PMGRC-2474-2454-2
CREATED,participant_id,PMGRC-248-248-0
CREATED,participant_id,PMGRC-2484-2383-1
CREATED,participant_id,PMGRC-2485-2383-2
CREATED,participant_id,PMGRC-249-248-2
CREATED,participant_id,PMGRC-250-251-3
CREATED,participant_id,PMGRC-2507-2507-0
CREATED,participant_id,PMGRC-251-251-0
CREATED,participant_id,PMGRC-252-251-2
CREATED,participant_id,PMGRC-253-251-1
CREATED,participant_id,PMGRC-254-233-2
CREATED,participant_id,PMGRC-255-255-0
CREATED,participant_id,PMGRC-256-255-2
CREATED,participant_id,PMGRC-257-258-2
CREATED,participant_id,PMGRC-258-258-0
CREATED,participant_id,PMGRC-259-258-1
CREATED,participant_id,PMGRC-26-23-2
CREATED,participant_id,PMGRC-260-261-2
CREATED,participant_id,PMGRC-261-261-0
CREATED,participant_id,PMGRC-262-261-1
CREATED,participant_id,PMGRC-265-265-0
CREATED,participant_id,PMGRC-266-266-0
CREATED,participant_id,PMGRC-267-266-2
CREATED,participant_id,PMGRC-268-266-1
CREATED,participant_id,PMGRC-269-269-0
CREATED,participant_id,PMGRC-27-27-0
CREATED,participant_id,PMGRC-270-269-2
CREATED,participant_id,PMGRC-271-265-1
CREATED,participant_id,PMGRC-273-273-0
CREATED,participant_id,PMGRC-274-273-3
CREATED,participant_id,PMGRC-275-273-2
CREATED,participant_id,PMGRC-276-278-2
CREATED,participant_id,PMGRC-277-278-1
CREATED,participant_id,PMGRC-278-278-0
CREATED,participant_id,PMGRC-279-279-0
CREATED,participant_id,PMGRC-28-28-0
CREATED,participant_id,PMGRC-280-280-0
CREATED,participant_id,PMGRC-281-281-0
CREATED,participant_id,PMGRC-282-279-2
CREATED,participant_id,PMGRC-283-279-1
CREATED,participant_id,PMGRC-284-284-0
CREATED,participant_id,PMGRC-285-284-1
CREATED,participant_id,PMGRC-286-284-2
CREATED,participant_id,PMGRC-287-287-0
CREATED,participant_id,PMGRC-288-289-2
CREATED,participant_id,PMGRC-289-289-0
CREATED,participant_id,PMGRC-29-28-2
CREATED,participant_id,PMGRC-290-289-1
CREATED,participant_id,PMGRC-291-291-0
CREATED,participant_id,PMGRC-292-291-2
CREATED,participant_id,PMGRC-293-291-1
CREATED,participant_id,PMGRC-294-294-0
CREATED,participant_id,PMGRC-295-294-2
CREATED,participant_id,PMGRC-296-296-0
CREATED,participant_id,PMGRC-297-296-2
CREATED,participant_id,PMGRC-298-296-1
CREATED,participant_id,PMGRC-299-299-0
CREATED,participant_id,PMGRC-3-3-0
CREATED,participant_id,PMGRC-30-28-1
CREATED,participant_id,PMGRC-300-299-2
CREATED,participant_id,PMGRC-301-301-0
CREATED,participant_id,PMGRC-302-302-0
CREATED,participant_id,PMGRC-303-303-0
CREATED,participant_id,PMGRC-304-303-2
CREATED,participant_id,PMGRC-305-305-0
CREATED,participant_id,PMGRC-306-305-1
CREATED,participant_id,PMGRC-307-305-2
CREATED,participant_id,PMGRC-308-310-2
CREATED,participant_id,PMGRC-309-310-1
CREATED,participant_id,PMGRC-31-32-2
CREATED,participant_id,PMGRC-310-310-0
CREATED,participant_id,PMGRC-311-312-1
CREATED,participant_id,PMGRC-312-312-0
CREATED,participant_id,PMGRC-313-316-2
CREATED,participant_id,PMGRC-314-316-1
CREATED,participant_id,PMGRC-315-316-3
CREATED,participant_id,PMGRC-316-316-0
CREATED,participant_id,PMGRC-317-317-0
CREATED,participant_id,PMGRC-318-317-3
CREATED,participant_id,PMGRC-319-317-2
CREATED,participant_id,PMGRC-32-32-0
CREATED,participant_id,PMGRC-320-320-0
CREATED,participant_id,PMGRC-321-323-2
CREATED,participant_id,PMGRC-322-323-1
CREATED,participant_id,PMGRC-323-323-0
CREATED,participant_id,PMGRC-324-324-0
CREATED,participant_id,PMGRC-325-324-2
CREATED,participant_id,PMGRC-326-324-1
CREATED,participant_id,PMGRC-327-324-3
CREATED,participant_id,PMGRC-328-324-3
CREATED,participant_id,PMGRC-329-320-2
CREATED,participant_id,PMGRC-33-27-3
CREATED,participant_id,PMGRC-330-332-2
CREATED,participant_id,PMGRC-331-332-1
CREATED,participant_id,PMGRC-332-332-0
CREATED,participant_id,PMGRC-333-333-0
CREATED,participant_id,PMGRC-334-335-2
CREATED,participant_id,PMGRC-335-335-0
CREATED,participant_id,PMGRC-336-335-1
CREATED,participant_id,PMGRC-337-320-1
CREATED,participant_id,PMGRC-339-339-0
CREATED,participant_id,PMGRC-34-27-2
CREATED,participant_id,PMGRC-340-339-2
CREATED,participant_id,PMGRC-341-339-1
CREATED,participant_id,PMGRC-342-345-1
CREATED,participant_id,PMGRC-343-345-2
CREATED,participant_id,PMGRC-344-345-3
CREATED,participant_id,PMGRC-345-345-0
CREATED,participant_id,PMGRC-346-346-0
CREATED,participant_id,PMGRC-347-346-3
CREATED,participant_id,PMGRC-348-346-3
CREATED,participant_id,PMGRC-349-346-2
CREATED,participant_id,PMGRC-35-27-1
CREATED,participant_id,PMGRC-350-346-1
CREATED,participant_id,PMGRC-351-351-0
CREATED,participant_id,PMGRC-352-351-1
CREATED,participant_id,PMGRC-353-351-2
CREATED,participant_id,PMGRC-354-355-1
CREATED,participant_id,PMGRC-355-355-0
CREATED,participant_id,PMGRC-356-355-2
CREATED,participant_id,PMGRC-357-357-0
CREATED,participant_id,PMGRC-358-357-2
CREATED,participant_id,PMGRC-359-357-1
CREATED,participant_id,PMGRC-36-36-0
CREATED,participant_id,PMGRC-360-360-0
CREATED,participant_id,PMGRC-361-360-1
CREATED,participant_id,PMGRC-362-360-2
CREATED,participant_id,PMGRC-363-363-0
CREATED,participant_id,PMGRC-364-363-2
CREATED,participant_id,PMGRC-365-363-1
CREATED,participant_id,PMGRC-366-366-0
CREATED,participant_id,PMGRC-367-366-2
CREATED,participant_id,PMGRC-368-366-1
CREATED,participant_id,PMGRC-369-369-0
CREATED,participant_id,PMGRC-37-39-2
CREATED,participant_id,PMGRC-370-369-2
CREATED,participant_id,PMGRC-371-369-1
CREATED,participant_id,PMGRC-372-372-0
CREATED,participant_id,PMGRC-373-372-2
CREATED,participant_id,PMGRC-374-372-1
CREATED,participant_id,PMGRC-375-375-0
CREATED,participant_id,PMGRC-376-375-2
CREATED,participant_id,PMGRC-377-375-1
CREATED,participant_id,PMGRC-378-378-0
CREATED,participant_id,PMGRC-379-381-2
CREATED,participant_id,PMGRC-38-39-1
CREATED,participant_id,PMGRC-380-381-1
CREATED,participant_id,PMGRC-381-381-0
CREATED,participant_id,PMGRC-382-382-0
CREATED,participant_id,PMGRC-383-382-2
CREATED,participant_id,PMGRC-384-382-1
CREATED,participant_id,PMGRC-385-385-0
CREATED,participant_id,PMGRC-386-385-2
CREATED,participant_id,PMGRC-387-385-1
CREATED,participant_id,PMGRC-388-388-0
CREATED,participant_id,PMGRC-389-388-2
CREATED,participant_id,PMGRC-39-39-0
CREATED,participant_id,PMGRC-390-388-1
CREATED,participant_id,PMGRC-391-391-0
CREATED,participant_id,PMGRC-392-392-0
CREATED,participant_id,PMGRC-393-392-2
CREATED,participant_id,PMGRC-394-392-1
CREATED,participant_id,PMGRC-395-395-0
CREATED,participant_id,PMGRC-397-395-2
CREATED,participant_id,PMGRC-398-395-1
CREATED,participant_id,PMGRC-399-391-1
CREATED,participant_id,PMGRC-4-3-2
CREATED,participant_id,PMGRC-40-42-2
CREATED,participant_id,PMGRC-400-391-2
CREATED,participant_id,PMGRC-401-401-0
CREATED,participant_id,PMGRC-402-401-2
CREATED,participant_id,PMGRC-403-403-0
CREATED,participant_id,PMGRC-404-403-1
CREATED,participant_id,PMGRC-405-403-2
CREATED,participant_id,PMGRC-406-401-1
CREATED,participant_id,PMGRC-407-407-0
CREATED,participant_id,PMGRC-408-408-0
CREATED,participant_id,PMGRC-409-408-1
CREATED,participant_id,PMGRC-41-42-1
CREATED,participant_id,PMGRC-410-408-2
CREATED,participant_id,PMGRC-411-411-0
CREATED,participant_id,PMGRC-412-411-2
CREATED,participant_id,PMGRC-414-417-2
CREATED,participant_id,PMGRC-415-417-1
CREATED,participant_id,PMGRC-416-417-3
CREATED,participant_id,PMGRC-417-417-0
CREATED,participant_id,PMGRC-418-418-0
CREATED,participant_id,PMGRC-419-418-2
CREATED,participant_id,PMGRC-42-42-0
CREATED,participant_id,PMGRC-420-418-1
CREATED,participant_id,PMGRC-421-421-0
CREATED,participant_id,PMGRC-422-421-2
CREATED,participant_id,PMGRC-423-423-0
CREATED,participant_id,PMGRC-424-423-2
CREATED,participant_id,PMGRC-425-423-1
CREATED,participant_id,PMGRC-426-426-0
CREATED,participant_id,PMGRC-427-426-2
CREATED,participant_id,PMGRC-428-426-1
CREATED,participant_id,PMGRC-429-429-0
CREATED,participant_id,PMGRC-43-43-0
CREATED,participant_id,PMGRC-430-429-2
CREATED,participant_id,PMGRC-431-431-0
CREATED,participant_id,PMGRC-432-431-1
CREATED,participant_id,PMGRC-433-431-2
CREATED,participant_id,PMGRC-434-434-0
CREATED,participant_id,PMGRC-435-434-2
CREATED,participant_id,PMGRC-436-434-1
CREATED,participant_id,PMGRC-437-437-0
CREATED,participant_id,PMGRC-438-437-1
CREATED,participant_id,PMGRC-439-437-2
CREATED,participant_id,PMGRC-44-43-2
CREATED,participant_id,PMGRC-440-440-0
CREATED,participant_id,PMGRC-441-440-2
CREATED,participant_id,PMGRC-442-440-1
CREATED,participant_id,PMGRC-443-443-0
CREATED,participant_id,PMGRC-444-443-2
CREATED,participant_id,PMGRC-445-445-0
CREATED,participant_id,PMGRC-446-446-0
CREATED,participant_id,PMGRC-447-446-2
CREATED,participant_id,PMGRC-448-446-1
CREATED,participant_id,PMGRC-449-445-2
CREATED,participant_id,PMGRC-45-43-1
CREATED,participant_id,PMGRC-450-445-1
CREATED,participant_id,PMGRC-451-451-0
CREATED,participant_id,PMGRC-452-451-2
CREATED,participant_id,PMGRC-453-451-1
CREATED,participant_id,PMGRC-454-454-0
CREATED,participant_id,PMGRC-455-454-2
CREATED,participant_id,PMGRC-456-457-2
CREATED,participant_id,PMGRC-457-457-0
CREATED,participant_id,PMGRC-458-457-1
CREATED,participant_id,PMGRC-459-459-0
CREATED,participant_id,PMGRC-46-46-0
CREATED,participant_id,PMGRC-460-459-2
CREATED,participant_id,PMGRC-461-459-1
CREATED,participant_id,PMGRC-462-462-0
CREATED,participant_id,PMGRC-463-462-1
CREATED,participant_id,PMGRC-464-462-2
CREATED,participant_id,PMGRC-465-466-2
CREATED,participant_id,PMGRC-466-466-0
CREATED,participant_id,PMGRC-467-467-0
CREATED,participant_id,PMGRC-468-467-2
CREATED,participant_id,PMGRC-469-466-1
CREATED,participant_id,PMGRC-47-46-2
CREATED,participant_id,PMGRC-470-467-1
CREATED,participant_id,PMGRC-471-443-1
CREATED,participant_id,PMGRC-472-472-0
CREATED,participant_id,PMGRC-473-472-2
CREATED,participant_id,PMGRC-474-472-1
CREATED,participant_id,PMGRC-475-477-2
CREATED,participant_id,PMGRC-476-477-1
CREATED,participant_id,PMGRC-477-477-0
CREATED,participant_id,PMGRC-478-478-0
CREATED,participant_id,PMGRC-479-478-2
CREATED,participant_id,PMGRC-48-48-0
CREATED,participant_id,PMGRC-480-480-0
CREATED,participant_id,PMGRC-481-480-2
CREATED,participant_id,PMGRC-482-482-0
CREATED,participant_id,PMGRC-483-482-2
CREATED,participant_id,PMGRC-484-482-1
CREATED,participant_id,PMGRC-485-485-0
CREATED,participant_id,PMGRC-486-485-2
CREATED,participant_id,PMGRC-487-485-1
CREATED,participant_id,PMGRC-488-488-0
CREATED,participant_id,PMGRC-489-488-2
CREATED,participant_id,PMGRC-49-48-2
CREATED,participant_id,PMGRC-490-488-1
CREATED,participant_id,PMGRC-491-493-1
CREATED,participant_id,PMGRC-492-493-2
CREATED,participant_id,PMGRC-493-493-0
CREATED,participant_id,PMGRC-494-494-0
CREATED,participant_id,PMGRC-495-494-3
CREATED,participant_id,PMGRC-496-494-2
CREATED,participant_id,PMGRC-497-497-0
CREATED,participant_id,PMGRC-498-497-1
CREATED,participant_id,PMGRC-499-497-2
CREATED,participant_id,PMGRC-5-5-0
CREATED,participant_id,PMGRC-50-48-1
CREATED,participant_id,PMGRC-500-503-2
CREATED,participant_id,PMGRC-501-503-3
CREATED,participant_id,PMGRC-502-503-1
CREATED,participant_id,PMGRC-503-503-0
CREATED,participant_id,PMGRC-504-302-2
CREATED,participant_id,PMGRC-505-302-1
CREATED,participant_id,PMGRC-506-506-0
CREATED,participant_id,PMGRC-507-506-2
CREATED,participant_id,PMGRC-508-506-1
CREATED,participant_id,PMGRC-509-509-0
CREATED,participant_id,PMGRC-51-51-0
CREATED,participant_id,PMGRC-510-509-2
CREATED,participant_id,PMGRC-511-509-1
CREATED,participant_id,PMGRC-512-512-0
CREATED,participant_id,PMGRC-513-512-2
CREATED,participant_id,PMGRC-514-514-0
CREATED,participant_id,PMGRC-516-514-2
CREATED,participant_id,PMGRC-517-517-0
CREATED,participant_id,PMGRC-518-517-2
CREATED,participant_id,PMGRC-519-517-1
CREATED,participant_id,PMGRC-52-52-0
CREATED,participant_id,PMGRC-520-514-1
CREATED,participant_id,PMGRC-521-522-2
CREATED,participant_id,PMGRC-522-522-0
CREATED,participant_id,PMGRC-523-281-2
CREATED,participant_id,PMGRC-524-525-2
CREATED,participant_id,PMGRC-525-525-0
CREATED,participant_id,PMGRC-526-525-3
CREATED,participant_id,PMGRC-527-522-1
CREATED,participant_id,PMGRC-528-525-1
CREATED,participant_id,PMGRC-529-529-0
CREATED,participant_id,PMGRC-53-53-0
CREATED,participant_id,PMGRC-530-530-0
CREATED,participant_id,PMGRC-531-530-2
CREATED,participant_id,PMGRC-532-477-4
CREATED,participant_id,PMGRC-533-534-2
CREATED,participant_id,PMGRC-534-534-0
CREATED,participant_id,PMGRC-535-534-3
CREATED,participant_id,PMGRC-536-534-3
CREATED,participant_id,PMGRC-537-534-1
CREATED,participant_id,PMGRC-538-538-0
CREATED,participant_id,PMGRC-539-538-2
CREATED,participant_id,PMGRC-540-540-0
CREATED,participant_id,PMGRC-541-540-2
CREATED,participant_id,PMGRC-542-540-1
CREATED,participant_id,PMGRC-543-543-0
CREATED,participant_id,PMGRC-544-543-2
CREATED,participant_id,PMGRC-545-529-2
CREATED,participant_id,PMGRC-546-529-1
CREATED,participant_id,PMGRC-547-547-0
CREATED,participant_id,PMGRC-548-547-2
CREATED,participant_id,PMGRC-549-549-0
CREATED,participant_id,PMGRC-55-53-1
CREATED,participant_id,PMGRC-550-550-0
CREATED,participant_id,PMGRC-551-550-2
CREATED,participant_id,PMGRC-552-550-1
CREATED,participant_id,PMGRC-553-553-0
CREATED,participant_id,PMGRC-554-553-2
CREATED,participant_id,PMGRC-555-553-3
CREATED,participant_id,PMGRC-556-556-0
CREATED,participant_id,PMGRC-557-556-2
CREATED,participant_id,PMGRC-558-556-1
CREATED,participant_id,PMGRC-559-559-0
CREATED,participant_id,PMGRC-560-559-2
CREATED,participant_id,PMGRC-561-559-1
CREATED,participant_id,PMGRC-562-562-0
CREATED,participant_id,PMGRC-564-575-1
CREATED,participant_id,PMGRC-565-565-0
CREATED,participant_id,PMGRC-566-568-2
CREATED,participant_id,PMGRC-567-568-1
CREATED,participant_id,PMGRC-568-568-0
CREATED,participant_id,PMGRC-569-569-0
CREATED,participant_id,PMGRC-57-53-2
CREATED,participant_id,PMGRC-570-569-2
CREATED,participant_id,PMGRC-571-569-1
CREATED,participant_id,PMGRC-572-572-0
CREATED,participant_id,PMGRC-573-575-2
CREATED,participant_id,PMGRC-574-575-3
CREATED,participant_id,PMGRC-575-575-0
CREATED,participant_id,PMGRC-576-576-0
CREATED,participant_id,PMGRC-577-578-2
CREATED,participant_id,PMGRC-578-578-0
CREATED,participant_id,PMGRC-579-578-1
CREATED,participant_id,PMGRC-580-580-0
CREATED,participant_id,PMGRC-581-580-2
CREATED,participant_id,PMGRC-582-580-1
CREATED,participant_id,PMGRC-583-583-0
CREATED,participant_id,PMGRC-584-583-2
CREATED,participant_id,PMGRC-585-583-1
CREATED,participant_id,PMGRC-586-583-3
CREATED,participant_id,PMGRC-587-588-2
CREATED,participant_id,PMGRC-588-588-0
CREATED,participant_id,PMGRC-589-588-1
CREATED,participant_id,PMGRC-59-60-3
CREATED,participant_id,PMGRC-590-590-0
CREATED,participant_id,PMGRC-591-590-2
CREATED,participant_id,PMGRC-592-590-1
CREATED,participant_id,PMGRC-593-576-4
CREATED,participant_id,PMGRC-594-598-1
CREATED,participant_id,PMGRC-595-598-2
CREATED,participant_id,PMGRC-596-598-3
CREATED,participant_id,PMGRC-597-598-3
CREATED,participant_id,PMGRC-598-598-0
CREATED,participant_id,PMGRC-599-599-0
CREATED,participant_id,PMGRC-6-5-1
CREATED,participant_id,PMGRC-60-60-0
CREATED,participant_id,PMGRC-600-599-2
CREATED,participant_id,PMGRC-601-599-1
CREATED,participant_id,PMGRC-602-602-0
CREATED,participant_id,PMGRC-603-602-2
CREATED,participant_id,PMGRC-604-602-1
CREATED,participant_id,PMGRC-605-605-0
CREATED,participant_id,PMGRC-606-605-2
CREATED,participant_id,PMGRC-607-605-1
CREATED,participant_id,PMGRC-608-608-0
CREATED,participant_id,PMGRC-609-608-1
CREATED,participant_id,PMGRC-61-60-3
CREATED,participant_id,PMGRC-610-608-2
CREATED,participant_id,PMGRC-611-611-0
CREATED,participant_id,PMGRC-612-611-2
CREATED,participant_id,PMGRC-613-615-2
CREATED,participant_id,PMGRC-614-615-1
CREATED,participant_id,PMGRC-615-615-0
CREATED,participant_id,PMGRC-616-616-0
CREATED,participant_id,PMGRC-617-618-2
CREATED,participant_id,PMGRC-618-618-0
CREATED,participant_id,PMGRC-619-619-0
CREATED,participant_id,PMGRC-62-60-3
CREATED,participant_id,PMGRC-620-619-2
CREATED,participant_id,PMGRC-621-619-1
CREATED,participant_id,PMGRC-622-622-0
CREATED,participant_id,PMGRC-623-622-2
CREATED,participant_id,PMGRC-624-625-2
CREATED,participant_id,PMGRC-625-625-0
CREATED,participant_id,PMGRC-626-626-0
CREATED,participant_id,PMGRC-627-626-2
CREATED,participant_id,PMGRC-628-626-1
CREATED,participant_id,PMGRC-629-629-0
CREATED,participant_id,PMGRC-63-60-2
CREATED,participant_id,PMGRC-630-629-2
CREATED,participant_id,PMGRC-631-629-1
CREATED,participant_id,PMGRC-632-632-0
CREATED,participant_id,PMGRC-633-632-2
CREATED,participant_id,PMGRC-634-632-1
CREATED,participant_id,PMGRC-635-635-0
CREATED,participant_id,PMGRC-636-635-2
CREATED,participant_id,PMGRC-637-635-3
CREATED,participant_id,PMGRC-638-635-3
CREATED,participant_id,PMGRC-64-60-1
CREATED,participant_id,PMGRC-641-641-0
CREATED,participant_id,PMGRC-642-641-2
CREATED,participant_id,PMGRC-643-641-1
CREATED,participant_id,PMGRC-644-645-2
CREATED,participant_id,PMGRC-645-645-0
CREATED,participant_id,PMGRC-646-645-1
CREATED,participant_id,PMGRC-647-181-3
CREATED,participant_id,PMGRC-648-181-3
CREATED,participant_id,PMGRC-649-181-3
CREATED,participant_id,PMGRC-65-65-0
CREATED,participant_id,PMGRC-650-650-0
CREATED,participant_id,PMGRC-651-651-0
CREATED,participant_id,PMGRC-652-651-3
CREATED,participant_id,PMGRC-653-653-0
CREATED,participant_id,PMGRC-654-653-2
CREATED,participant_id,PMGRC-655-287-2
CREATED,participant_id,PMGRC-656-658-2
CREATED,participant_id,PMGRC-657-658-1
CREATED,participant_id,PMGRC-658-658-0
CREATED,participant_id,PMGRC-659-658-3
CREATED,participant_id,PMGRC-66-65-2
CREATED,participant_id,PMGRC-660-576-3
CREATED,participant_id,PMGRC-661-661-0
CREATED,participant_id,PMGRC-662-661-2
CREATED,participant_id,PMGRC-663-661-1
CREATED,participant_id,PMGRC-664-664-0
CREATED,participant_id,PMGRC-665-664-2
CREATED,participant_id,PMGRC-666-667-2
CREATED,participant_id,PMGRC-667-667-0
CREATED,participant_id,PMGRC-668-668-0
CREATED,participant_id,PMGRC-669-668-2
CREATED,participant_id,PMGRC-67-65-1
CREATED,participant_id,PMGRC-670-651-2
CREATED,participant_id,PMGRC-671-671-0
CREATED,participant_id,PMGRC-672-672-0
CREATED,participant_id,PMGRC-673-672-2
CREATED,participant_id,PMGRC-674-674-0
CREATED,participant_id,PMGRC-675-675-0
CREATED,participant_id,PMGRC-676-677-2
CREATED,participant_id,PMGRC-677-677-0
CREATED,participant_id,PMGRC-678-677-1
CREATED,participant_id,PMGRC-679-677-3
CREATED,participant_id,PMGRC-68-68-0
CREATED,participant_id,PMGRC-680-681-2
CREATED,participant_id,PMGRC-681-681-0
CREATED,participant_id,PMGRC-682-681-3
CREATED,participant_id,PMGRC-683-681-1
CREATED,participant_id,PMGRC-684-686-1
CREATED,participant_id,PMGRC-685-686-2
CREATED,participant_id,PMGRC-686-686-0
CREATED,participant_id,PMGRC-687-547-1
CREATED,participant_id,PMGRC-688-690-2
CREATED,participant_id,PMGRC-689-690-1
CREATED,participant_id,PMGRC-69-68-2
CREATED,participant_id,PMGRC-690-690-0
CREATED,participant_id,PMGRC-691-632-3
CREATED,participant_id,PMGRC-692-692-0
CREATED,participant_id,PMGRC-693-692-2
CREATED,participant_id,PMGRC-694-694-0
CREATED,participant_id,PMGRC-695-694-2
CREATED,participant_id,PMGRC-696-694-1
CREATED,participant_id,PMGRC-697-697-0
CREATED,participant_id,PMGRC-698-697-2
CREATED,participant_id,PMGRC-699-700-1
CREATED,participant_id,PMGRC-7-5-2
CREATED,participant_id,PMGRC-70-68-1
CREATED,participant_id,PMGRC-700-700-0
CREATED,participant_id,PMGRC-701-700-2
CREATED,participant_id,PMGRC-702-704-2
CREATED,participant_id,PMGRC-703-704-1
CREATED,participant_id,PMGRC-704-704-0
CREATED,participant_id,PMGRC-705-706-1
CREATED,participant_id,PMGRC-706-706-0
CREATED,participant_id,PMGRC-707-706-2
CREATED,participant_id,PMGRC-708-710-2
CREATED,participant_id,PMGRC-709-710-1
CREATED,participant_id,PMGRC-710-710-0
CREATED,participant_id,PMGRC-711-529-3
CREATED,participant_id,PMGRC-712-697-1
CREATED,participant_id,PMGRC-713-716-1
CREATED,participant_id,PMGRC-714-716-3
CREATED,participant_id,PMGRC-715-716-3
CREATED,participant_id,PMGRC-716-716-0
CREATED,participant_id,PMGRC-717-716-2
CREATED,participant_id,PMGRC-718-718-0
CREATED,participant_id,PMGRC-719-719-0
CREATED,participant_id,PMGRC-720-719-2
CREATED,participant_id,PMGRC-721-722-3
CREATED,participant_id,PMGRC-722-722-0
CREATED,participant_id,PMGRC-723-722-2
CREATED,participant_id,PMGRC-724-668-1
CREATED,participant_id,PMGRC-725-725-0
CREATED,participant_id,PMGRC-726-725-2
CREATED,participant_id,PMGRC-727-671-2
CREATED,participant_id,PMGRC-728-671-1
CREATED,participant_id,PMGRC-729-729-0
CREATED,participant_id,PMGRC-73-73-0
CREATED,participant_id,PMGRC-730-730-0
CREATED,participant_id,PMGRC-731-730-2
CREATED,participant_id,PMGRC-732-653-1
CREATED,participant_id,PMGRC-733-719-1
CREATED,participant_id,PMGRC-734-735-2
CREATED,participant_id,PMGRC-735-735-0
CREATED,participant_id,PMGRC-736-737-2
CREATED,participant_id,PMGRC-737-737-0
CREATED,participant_id,PMGRC-738-739-2
CREATED,participant_id,PMGRC-739-739-0
CREATED,participant_id,PMGRC-74-73-2
CREATED,participant_id,PMGRC-740-739-1
CREATED,participant_id,PMGRC-741-743-1
CREATED,participant_id,PMGRC-742-743-2
CREATED,participant_id,PMGRC-743-743-0
CREATED,participant_id,PMGRC-744-744-0
CREATED,participant_id,PMGRC-745-664-1
CREATED,participant_id,PMGRC-746-746-0
CREATED,participant_id,PMGRC-747-747-0
CREATED,participant_id,PMGRC-748-749-2
CREATED,participant_id,PMGRC-749-749-0
CREATED,participant_id,PMGRC-75-75-0
CREATED,participant_id,PMGRC-750-752-2
CREATED,participant_id,PMGRC-751-752-1
CREATED,participant_id,PMGRC-752-752-0
CREATED,participant_id,PMGRC-753-753-0
CREATED,participant_id,PMGRC-754-753-2
CREATED,participant_id,PMGRC-755-753-1
CREATED,participant_id,PMGRC-756-757-2
CREATED,participant_id,PMGRC-757-757-0
CREATED,participant_id,PMGRC-758-758-0
CREATED,participant_id,PMGRC-759-760-2
CREATED,participant_id,PMGRC-76-75-1
CREATED,participant_id,PMGRC-760-760-0
CREATED,participant_id,PMGRC-761-760-1
CREATED,participant_id,PMGRC-762-763-2
CREATED,participant_id,PMGRC-763-763-0
CREATED,participant_id,PMGRC-764-765-2
CREATED,participant_id,PMGRC-765-765-0
CREATED,participant_id,PMGRC-766-767-2
CREATED,participant_id,PMGRC-767-767-0
CREATED,participant_id,PMGRC-768-770-1
CREATED,participant_id,PMGRC-769-770-2
CREATED,participant_id,PMGRC-77-75-2
CREATED,participant_id,PMGRC-770-770-0
CREATED,participant_id,PMGRC-771-770-3
CREATED,participant_id,PMGRC-772-772-0
CREATED,participant_id,PMGRC-773-773-0
CREATED,participant_id,PMGRC-774-775-1
CREATED,participant_id,PMGRC-775-775-0
CREATED,participant_id,PMGRC-776-777-2
CREATED,participant_id,PMGRC-777-777-0
CREATED,participant_id,PMGRC-778-779-2
CREATED,participant_id,PMGRC-779-779-0
CREATED,participant_id,PMGRC-780-779-1
CREATED,participant_id,PMGRC-781-782-2
CREATED,participant_id,PMGRC-782-782-0
CREATED,participant_id,PMGRC-783-782-1
CREATED,participant_id,PMGRC-784-784-0
CREATED,participant_id,PMGRC-785-784-2
CREATED,participant_id,PMGRC-786-784-1
CREATED,participant_id,PMGRC-787-784-3
CREATED,participant_id,PMGRC-788-784-3
CREATED,participant_id,PMGRC-789-773-2
CREATED,participant_id,PMGRC-79-79-0
CREATED,participant_id,PMGRC-790-773-1
CREATED,participant_id,PMGRC-791-791-0
CREATED,participant_id,PMGRC-792-791-2
CREATED,participant_id,PMGRC-793-793-0
CREATED,participant_id,PMGRC-794-793-2
CREATED,participant_id,PMGRC-795-793-1
CREATED,participant_id,PMGRC-796-796-0
CREATED,participant_id,PMGRC-797-798-1
CREATED,participant_id,PMGRC-798-798-0
CREATED,participant_id,PMGRC-799-800-2
CREATED,participant_id,PMGRC-8-8-0
CREATED,participant_id,PMGRC-80-86-2
CREATED,participant_id,PMGRC-800-800-0
CREATED,participant_id,PMGRC-801-801-0
CREATED,participant_id,PMGRC-802-802-0
CREATED,participant_id,PMGRC-803-802-2
CREATED,participant_id,PMGRC-804-802-1
CREATED,participant_id,PMGRC-805-807-1
CREATED,participant_id,PMGRC-806-807-2
CREATED,participant_id,PMGRC-807-807-0
CREATED,participant_id,PMGRC-808-808-0
CREATED,participant_id,PMGRC-809-808-1
CREATED,participant_id,PMGRC-81-81-0
CREATED,participant_id,PMGRC-810-808-2
CREATED,participant_id,PMGRC-811-812-2
CREATED,participant_id,PMGRC-812-812-0
CREATED,participant_id,PMGRC-813-812-1
CREATED,participant_id,PMGRC-814-816-2
CREATED,participant_id,PMGRC-815-816-1
CREATED,participant_id,PMGRC-816-816-0
CREATED,participant_id,PMGRC-817-817-0
CREATED,participant_id,PMGRC-818-819-2
CREATED,participant_id,PMGRC-819-819-0
CREATED,participant_id,PMGRC-82-82-0
CREATED,participant_id,PMGRC-820-821-1
CREATED,participant_id,PMGRC-821-821-0
CREATED,participant_id,PMGRC-822-823-2
CREATED,participant_id,PMGRC-823-823-0
CREATED,participant_id,PMGRC-824-825-2
CREATED,participant_id,PMGRC-825-825-0
CREATED,participant_id,PMGRC-826-635-1
CREATED,participant_id,PMGRC-827-827-0
CREATED,participant_id,PMGRC-828-827-3
CREATED,participant_id,PMGRC-829-827-2
CREATED,participant_id,PMGRC-83-82-2
CREATED,participant_id,PMGRC-830-827-1
CREATED,participant_id,PMGRC-831-832-2
CREATED,participant_id,PMGRC-832-832-0
CREATED,participant_id,PMGRC-833-823-1
CREATED,participant_id,PMGRC-834-821-2
CREATED,participant_id,PMGRC-835-825-1
CREATED,participant_id,PMGRC-836-837-1
CREATED,participant_id,PMGRC-837-837-0
CREATED,participant_id,PMGRC-838-839-2
CREATED,participant_id,PMGRC-839-839-0
CREATED,participant_id,PMGRC-84-82-1
CREATED,participant_id,PMGRC-840-839-1
CREATED,participant_id,PMGRC-841-843-3
CREATED,participant_id,PMGRC-842-843-3
CREATED,participant_id,PMGRC-843-843-0
CREATED,participant_id,PMGRC-844-843-3
CREATED,participant_id,PMGRC-845-843-2
CREATED,participant_id,PMGRC-846-843-1
CREATED,participant_id,PMGRC-847-848-2
CREATED,participant_id,PMGRC-848-848-0
CREATED,participant_id,PMGRC-849-848-3
CREATED,participant_id,PMGRC-85-86-1
CREATED,participant_id,PMGRC-850-832-1
CREATED,participant_id,PMGRC-851-852-2
CREATED,participant_id,PMGRC-852-852-0
CREATED,participant_id,PMGRC-853-848-1
CREATED,participant_id,PMGRC-854-854-0
CREATED,participant_id,PMGRC-855-854-1
CREATED,participant_id,PMGRC-856-856-0
CREATED,participant_id,PMGRC-857-856-3
CREATED,participant_id,PMGRC-858-856-2
CREATED,participant_id,PMGRC-859-856-1
CREATED,participant_id,PMGRC-86-86-0
CREATED,participant_id,PMGRC-860-861-2
CREATED,participant_id,PMGRC-861-861-0
CREATED,participant_id,PMGRC-862-863-2
CREATED,participant_id,PMGRC-863-863-0
CREATED,participant_id,PMGRC-864-865-1
CREATED,participant_id,PMGRC-865-865-0
CREATED,participant_id,PMGRC-866-865-2
CREATED,participant_id,PMGRC-867-867-0
CREATED,participant_id,PMGRC-868-867-2
CREATED,participant_id,PMGRC-869-870-2
CREATED,participant_id,PMGRC-87-87-0
CREATED,participant_id,PMGRC-870-870-0
CREATED,participant_id,PMGRC-871-871-0
CREATED,participant_id,PMGRC-872-871-1
CREATED,participant_id,PMGRC-873-871-2
CREATED,participant_id,PMGRC-874-877-2
CREATED,participant_id,PMGRC-875-877-1
CREATED,participant_id,PMGRC-876-877-3
CREATED,participant_id,PMGRC-877-877-0
CREATED,participant_id,PMGRC-878-878-0
CREATED,participant_id,PMGRC-879-879-0
CREATED,participant_id,PMGRC-879-881-3
CREATED,participant_id,PMGRC-88-88-0
CREATED,participant_id,PMGRC-880-880-0
CREATED,participant_id,PMGRC-880-881-1
CREATED,participant_id,PMGRC-881-881-0
CREATED,participant_id,PMGRC-882-882-0
CREATED,participant_id,PMGRC-883-882-4
CREATED,participant_id,PMGRC-883-883-0
CREATED,participant_id,PMGRC-884-884-0
CREATED,participant_id,PMGRC-884-898-3
CREATED,participant_id,PMGRC-885-885-0
CREATED,participant_id,PMGRC-886-886-0
CREATED,participant_id,PMGRC-887-887-0
CREATED,participant_id,PMGRC-888-888-0
CREATED,participant_id,PMGRC-889-882-4
CREATED,participant_id,PMGRC-889-889-0
CREATED,participant_id,PMGRC-89-88-2
CREATED,participant_id,PMGRC-890-890-0
CREATED,participant_id,PMGRC-891-891-0
CREATED,participant_id,PMGRC-892-892-0
CREATED,participant_id,PMGRC-893-893-0
CREATED,participant_id,PMGRC-894-894-0
CREATED,participant_id,PMGRC-895-895-0
CREATED,participant_id,PMGRC-896-896-0
CREATED,participant_id,PMGRC-896-897-3
CREATED,participant_id,PMGRC-897-897-0
CREATED,participant_id,PMGRC-898-898-0
CREATED,participant_id,PMGRC-899-899-0
CREATED,participant_id,PMGRC-9-8-2
CREATED,participant_id,PMGRC-90-88-1
CREATED,participant_id,PMGRC-900-900-0
CREATED,participant_id,PMGRC-901-901-0
CREATED,participant_id,PMGRC-902-902-0
CREATED,participant_id,PMGRC-903-903-0
CREATED,participant_id,PMGRC-903-913-3
CREATED,participant_id,PMGRC-904-904-0
CREATED,participant_id,PMGRC-905-905-0
CREATED,participant_id,PMGRC-905-913-4
CREATED,participant_id,PMGRC-906-906-0
CREATED,participant_id,PMGRC-907-907-0
CREATED,participant_id,PMGRC-908-908-0
CREATED,participant_id,PMGRC-909-909-0
CREATED,participant_id,PMGRC-909-913-4
CREATED,participant_id,PMGRC-91-93-2
CREATED,participant_id,PMGRC-910-907-2
CREATED,participant_id,PMGRC-910-910-0
CREATED,participant_id,PMGRC-911-911-0
CREATED,participant_id,PMGRC-912-912-0
CREATED,participant_id,PMGRC-913-913-0
CREATED,participant_id,PMGRC-914-914-0
CREATED,participant_id,PMGRC-915-915-0
CREATED,participant_id,PMGRC-916-912-1
CREATED,participant_id,PMGRC-916-916-0
CREATED,participant_id,PMGRC-917-917-0
CREATED,participant_id,PMGRC-918-918-0
CREATED,participant_id,PMGRC-919-919-0
CREATED,participant_id,PMGRC-92-93-1
CREATED,participant_id,PMGRC-920-920-0
CREATED,participant_id,PMGRC-921-921-0
CREATED,participant_id,PMGRC-922-922-0
CREATED,participant_id,PMGRC-923-878-3
CREATED,participant_id,PMGRC-924-924-0
CREATED,participant_id,PMGRC-925-926-2
CREATED,participant_id,PMGRC-926-926-0
CREATED,participant_id,PMGRC-927-926-1
CREATED,participant_id,PMGRC-928-929-2
CREATED,participant_id,PMGRC-929-929-0
CREATED,participant_id,PMGRC-93-93-0
CREATED,participant_id,PMGRC-930-931-2
CREATED,participant_id,PMGRC-931-931-0
CREATED,participant_id,PMGRC-932-933-2
CREATED,participant_id,PMGRC-933-933-0
CREATED,participant_id,PMGRC-934-935-2
CREATED,participant_id,PMGRC-935-935-0
CREATED,participant_id,PMGRC-936-937-2
CREATED,participant_id,PMGRC-937-937-0
CREATED,participant_id,PMGRC-938-938-0
CREATED,participant_id,PMGRC-939-940-2
CREATED,participant_id,PMGRC-94-94-0
CREATED,participant_id,PMGRC-940-940-0
CREATED,participant_id,PMGRC-941-941-0
CREATED,participant_id,PMGRC-942-942-0
CREATED,participant_id,PMGRC-943-943-0
CREATED,participant_id,PMGRC-944-944-0
CREATED,participant_id,PMGRC-945-945-0
CREATED,participant_id,PMGRC-946-946-0
CREATED,participant_id,PMGRC-947-947-0
CREATED,participant_id,PMGRC-948-948-0
CREATED,participant_id,PMGRC-949-949-0
CREATED,participant_id,PMGRC-95-94-3
CREATED,participant_id,PMGRC-950-950-0
CREATED,participant_id,PMGRC-951-951-0
CREATED,participant_id,PMGRC-952-952-0
CREATED,participant_id,PMGRC-953-953-0
CREATED,participant_id,PMGRC-954-954-0
CREATED,participant_id,PMGRC-955-955-0
CREATED,participant_id,PMGRC-956-956-0
CREATED,participant_id,PMGRC-957-957-0
CREATED,participant_id,PMGRC-958-958-0
CREATED,participant_id,PMGRC-959-959-0
CREATED,participant_id,PMGRC-96-94-2
CREATED,participant_id,PMGRC-960-960-0
CREATED,participant_id,PMGRC-961-961-0
CREATED,participant_id,PMGRC-962-962-0
CREATED,participant_id,PMGRC-963-963-0
CREATED,participant_id,PMGRC-964-964-0
CREATED,participant_id,PMGRC-965-965-0
CREATED,participant_id,PMGRC-966-966-0
CREATED,participant_id,PMGRC-967-967-0
CREATED,participant_id,PMGRC-968-968-0
CREATED,participant_id,PMGRC-969-969-0
CREATED,participant_id,PMGRC-97-94-1
CREATED,participant_id,PMGRC-970-970-0
CREATED,participant_id,PMGRC-971-971-0
CREATED,participant_id,PMGRC-972-972-0
CREATED,participant_id,PMGRC-973-973-0
CREATED,participant_id,PMGRC-974-974-0
CREATED,participant_id,PMGRC-975-975-0
CREATED,participant_id,PMGRC-976-976-0
CREATED,participant_id,PMGRC-977-977-0
CREATED,participant_id,PMGRC-978-978-0
CREATED,participant_id,PMGRC-979-979-0
CREATED,participant_id,PMGRC-98-101-1
CREATED,participant_id,PMGRC-980-980-0
CREATED,participant_id,PMGRC-981-981-0
CREATED,participant_id,PMGRC-982-982-0
CREATED,participant_id,PMGRC-983-983-0
CREATED,participant_id,PMGRC-984-984-0
CREATED,participant_id,PMGRC-985-985-0
CREATED,participant_id,PMGRC-986-986-0
CREATED,participant_id,PMGRC-987-987-0
CREATED,participant_id,PMGRC-988-988-0
CREATED,participant_id,PMGRC-989-989-0
CREATED,participant_id,PMGRC-99-101-2
CREATED,participant_id,PMGRC-990-990-0
CREATED,participant_id,PMGRC-991-991-0
CREATED,participant_id,PMGRC-992-992-0
CREATED,participant_id,PMGRC-993-993-0
CREATED,participant_id,PMGRC-994-994-0
CREATED,participant_id,PMGRC-995-995-0
CREATED,participant_id,PMGRC-996-996-0
CREATED,participant_id,PMGRC-997-997-0
CREATED,participant_id,PMGRC-998-998-0
CREATED,participant_id,PMGRC-999-999-0
CREATED,participant_id,PMGRC-2105-2105-0
CREATED,participant_id,PMGRC-2106-2106-0
CREATED,participant_id,PMGRC-2107-2107-0
CREATED,participant_id,PMGRC-2108-2108-0
CREATED,participant_id,PMGRC-2109-2109-0
CREATED,participant_id,PMGRC-2110-2110-0
CREATED,participant_id,PMGRC-2111-2111-0
CREATED,participant_id,PMGRC-2112-2112-0
CREATED,participant_id,PMGRC-2113-2113-0
CREATED,participant_id,PMGRC-2114-2114-0
CREATED,participant_id,PMGRC-2115-2115-0
CREATED,participant_id,PMGRC-2116-2116-0
CREATED,participant_id,PMGRC-2117-2117-0
CREATED,participant_id,PMGRC-2118-2118-0
CREATED,participant_id,PMGRC-2119-2119-0
CREATED,participant_id,PMGRC-2120-2120-0
CREATED,participant_id,PMGRC-2121-2121-0
CREATED,participant_id,PMGRC-2122-2122-0
CREATED,participant_id,PMGRC-2123-2123-0
CREATED,participant_id,PMGRC-2124-2124-0
CREATED,participant_id,PMGRC-2125-2125-0
CREATED,participant_id,PMGRC-2126-2126-0
CREATED,participant_id,PMGRC-2127-2127-0
CREATED,participant_id,PMGRC-2128-2128-0
CREATED,participant_id,PMGRC-2129-2129-0
CREATED,participant_id,PMGRC-2130-2130-0
CREATED,participant_id,PMGRC-2131-2131-0
CREATED,participant_id,PMGRC-2132-2132-0
CREATED,participant_id,PMGRC-2133-2133-0
CREATED,participant_id,PMGRC-2134-2134-0
CREATED,participant_id,PMGRC-2135-2135-0
CREATED,participant_id,PMGRC-2137-2137-0
CREATED,participant_id,PMGRC-2138-2138-0
CREATED,participant_id,PMGRC-2139-2139-0
CREATED,participant_id,PMGRC-2140-2140-0
CREATED,participant_id,PMGRC-2141-2141-0
CREATED,participant_id,PMGRC-2142-2142-0
CREATED,participant_id,PMGRC-2143-2143-0
CREATED,participant_id,PMGRC-2144-2144-0
CREATED,participant_id,PMGRC-2145-2145-0
CREATED,participant_id,PMGRC-2146-2146-0
CREATED,participant_id,PMGRC-2147-2147-0
CREATED,participant_id,PMGRC-2148-2148-0
CREATED,participant_id,PMGRC-2149-2149-0
CREATED,participant_id,PMGRC-2150-2150-0
CREATED,participant_id,PMGRC-2324-2324-0
CREATED,participant_id,PMGRC-2325-2325-0
CREATED,participant_id,PMGRC-2326-2326-0
CREATED,participant_id,PMGRC-2327-2327-0
CREATED,participant_id,PMGRC-2330-2330-0
CREATED,participant_id,PMGRC-2331-2331-0
CREATED,participant_id,PMGRC-2136-2136-0
CREATED,participant_id,PMGRC-2328-2328-0
CREATED,participant_id,PMGRC-2329-2329-0
CREATED,participant_id,PMGRC-2332-2232-0
CREATED,participant_id,PMGRC-2333-2333-0
CREATED,participant_id,PMGRC-2334-2334-0
CREATED,participant_id,PMGRC-2335-2335-0
CREATED,participant_id,PMGRC-2336-2336-0
CREATED,participant_id,PMGRC-2337-2337-0
CREATED,participant_id,PMGRC-2338-2338-0
CREATED,participant_id,PMGRC-2387-2387-0
CREATED,participant_id,PMGRC-2388-2387-3
CREATED,participant_id,PMGRC-2318-2318-0
CREATED,participant_id,PMGRC-2415-2318-2
CREATED,participant_id,PMGRC-2395-2395-0
CREATED,participant_id,PMGRC-2446-2395-2
CREATED,participant_id,PMGRC-2445-2395-1
CREATED,participant_id,PMGRC-2407-2407-0
CREATED,participant_id,PMGRC-2448-2407-1
CREATED,participant_id,PMGRC-2449-2407-2
CREATED,participant_id,PMGRC-2480-2480-0
CREATED,participant_id,PMGRC-2482-2480-1
CREATED,participant_id,PMGRC-2481-2480-2
CREATED,participant_id,PMGRC-2494-2494-0
CREATED,participant_id,PMGRC-2495-2494-1
CREATED,participant_id,PMGRC-2496-2494-2
CREATED,participant_id,PMGRC-2340-2340-0
CREATED,participant_id,PMGRC-2003-2003-0
CREATED,participant_id,PMGRC-2501-2003-1
CREATED,participant_id,PMGRC-2502-2003-2
CREATED,participant_id,PMGRC-2503-2003-3
CREATED,participant_id,PMGRC-2504-2003-3
CREATED,participant_id,PMGRC-2285-2285-0
CREATED,participant_id,PMGRC-2510-2285-1
CREATED,participant_id,PMGRC-2511-2285-2
CREATED,participant_id,PMGRC-2512-2285-3
CREATED,participant_id,PMGRC-2513-2285-3
CREATED,participant_id,PMGRC-2433-2433-0
CREATED,participant_id,PMGRC-2529-2433-1
CREATED,participant_id,PMGRC-2530-2433-2
CREATED,participant_id,PMGRC-2527-2527-0
CREATED,participant_id,PMGRC-2531-2527-1
CREATED,participant_id,PMGRC-2532-2527-2
CREATED,participant_id,PMGRC-2533-2527-3
CREATED,participant_id,PMGRC-2534-2527-3
CREATED,participant_id,PMGRC-2539-2539-0
CREATED,participant_id,PMGRC-2438-2438-0
CREATED,participant_id,PMGRC-2542-2438-1
CREATED,participant_id,PMGRC-2543-2438-2
CREATED,participant_id,PMGRC-2514-2514-0
CREATED,participant_id,PMGRC-2544-2514-1
CREATED,participant_id,PMGRC-2545-2514-2
CREATED,participant_id,PMGRC-2378-2314-1
CREATED,participant_id,PMGRC-2376-2376-0
CREATED,participant_id,PMGRC-2521-2521-0
CREATED,participant_id,PMGRC-2523-2521-1
CREATED,participant_id,PMGRC-2524-2521-2
CREATED,participant_id,PMGRC-2284-2284-0
CREATED,participant_id,PMGRC-2428-2284-1
CREATED,participant_id,PMGRC-2429-2284-2
CREATED,participant_id,PMGRC-2475-2387-1
CREATED,participant_id,PMGRC-2548-2548-0
CREATED,participant_id,PMGRC-2572-2572-0
CREATED,participant_id,PMGRC-2573-2572-1
CREATED,participant_id,PMGRC-2574-2572-2
CREATED,participant_id,PMGRC-2557-2557-0
CREATED,participant_id,PMGRC-2567-2557-2
CREATED,participant_id,PMGRC-2568-2557-1
CREATED,participant_id,PMGRC-2601-2601-0
CREATED,participant_id,PMGRC-2294-2294-0
CREATED,participant_id,PMGRC-2246-2246-0
CREATED,participant_id,PMGRC-2476-2387-2
