[
  {
      "model": "auth.user",
      "pk": 2,
      "fields": {
          "password": "pbkdf2_sha256$720000$5Zume6W5yJ6mG65dA4dDlK$vXsTd6lIx7VcS6tHvAaXszPsmLkSbwO3PjW1zJOuMjQ=",
          "last_login": "2025-02-17T13:20:38.034Z",
          "is_superuser": true,
          "username": "wheel",
          "first_name": "",
          "last_name": "",
          "email": "wheel@wheel.tst",
          "is_staff": true,
          "is_active": true,
          "date_joined": "2024-05-14T18:21:45.897Z",
          "groups": [],
          "user_permissions": []
      }
  },
  {
    "model": "metadata.family",
    "pk": "GREGoR_test-001",
    "fields": {
      "consanguinity": "Suspected",
      "consanguinity_detail": "",
      "pedigree_file": "",
      "pedigree_file_detail": "",
      "family_history_detail": "2 year old sister in good health; cafe au lait spot on the back of her neck and thigh, 4 year old sister in good health; no cafe au lait spots, Maternal aunt with eczema, Maternal half-uncle who is obese, Maternal half-uncle who is obese, MGM with Crohn's disease, hyperthyroidism/goiter, high blood pressure, MGGF via the MGM with history of liver cancer (ETOH), MGF with history of CAL spots, Three maternal male first cousins once removed with autism, Three paternal male first cousins with autism and ADHD, PGM with history of cafe au lait spots and freckling"
    }
  },
  {
    "model": "metadata.family",
    "pk": "GREGoR_test-004",
    "fields": {
      "consanguinity": "None suspected",
      "consanguinity_detail": "",
      "pedigree_file": "",
      "pedigree_file_detail": "",
      "family_history_detail": "Paternal Grandfather had Multiple Sclerosis"
    }
  },
  {
    "model": "metadata.family",
    "pk": "GREGoR_test-006",
    "fields": {
      "consanguinity": "Unknown",
      "consanguinity_detail": "",
      "pedigree_file": "",
      "pedigree_file_detail": "",
      "family_history_detail": "Non contributory"
    }
  },
  {
    "model": "metadata.participant",
    "pk": "GREGoR_test-001-001-0",
    "fields": {
      "gregor_center": "UCI",
      "consent_code": "GRU",
      "recontactable": "Yes",
      "prior_testing": [
        "neuromuscular panel: VUS in FLNC maternally inherited (c.4334A>G), VUS in GUS1 c.314G>A heterozygous maternally inherited, VUS in NEB c.8968A>G heterozygous, maternally inherited. VUS on WES, CHD1:c.1010C>T, p.(T337I), heterozygous, de novo"
      ],
      "family_id": "GREGoR_test-001",
      "paternal_id": "GREGoR_test-003-001-1",
      "maternal_id": "GREGoR_test-002-001-2",
      "proband_relationship": "Self",
      "proband_relationship_detail": "",
      "sex": "Male",
      "sex_detail": "",
      "reported_ethnicity": "Hispanic or Latino",
      "ancestry_detail": "",
      "age_at_last_observation": 9.0,
      "affected_status": "Affected",
      "phenotype_description": [
        "early childhood onset weakness, early motor delay, hypotonia, dysarthria, autism spectrum disorder, stereotypic behavior"
      ],
      "age_at_enrollment": 9.0,
      "solve_status": "Unsolved",
      "missing_variant_case": "Yes",
      "missing_variant_details": "Het NM_032125.3(TMEM222):c.214G>A (p.Gly72Ser), possible OMIM 619470",
      "internal_project_id": [],
      "pmid_id": [],
      "twin_id": [
        "0"
      ],
      "reported_race": [
        "White"
      ]
    }
  },
  {
    "model": "metadata.participant",
    "pk": "GREGoR_test-002-001-2",
    "fields": {
      "gregor_center": "UCI",
      "consent_code": "GRU",
      "recontactable": "Yes",
      "prior_testing": [],
      "family_id": "GREGoR_test-001",
      "paternal_id": "0",
      "maternal_id": "0",
      "proband_relationship": "Mother",
      "proband_relationship_detail": "",
      "sex": "Female",
      "sex_detail": "",
      "reported_ethnicity": "Not Hispanic or Latino",
      "ancestry_detail": "",
      "age_at_last_observation": 42.0,
      "affected_status": "Affected",
      "phenotype_description": [
        "migraines"
      ],
      "age_at_enrollment": 42.0,
      "solve_status": "Unaffected",
      "missing_variant_case": "No",
      "missing_variant_details": "",
      "internal_project_id": [],
      "pmid_id": [],
      "twin_id": [
        "0"
      ],
      "reported_race": [
        "White"
      ]
    }
  },
  {
    "model": "metadata.participant",
    "pk": "GREGoR_test-003-001-1",
    "fields": {
      "gregor_center": "UCI",
      "consent_code": "GRU",
      "recontactable": "Yes",
      "prior_testing": [
        "healthy"
      ],
      "family_id": "GREGoR_test-001",
      "paternal_id": "0",
      "maternal_id": "0",
      "proband_relationship": "Father",
      "proband_relationship_detail": "",
      "sex": "Male",
      "sex_detail": "",
      "reported_ethnicity": "Not Hispanic or Latino",
      "ancestry_detail": "",
      "age_at_last_observation": 0.0,
      "affected_status": "Affected",
      "phenotype_description": [
        "healthy"
      ],
      "age_at_enrollment": 0.0,
      "solve_status": "Unaffected",
      "missing_variant_case": "No",
      "missing_variant_details": "",
      "internal_project_id": [],
      "pmid_id": [],
      "twin_id": [
        "0"
      ],
      "reported_race": [
        "White"
      ]
    }
  },
  {
    "model": "metadata.participant",
    "pk": "GREGoR_test-004-004-0",
    "fields": {
      "gregor_center": "UCI",
      "consent_code": "GRU",
      "recontactable": "Yes",
      "prior_testing": [
        "-"
      ],
      "family_id": "GREGoR_test-004",
      "paternal_id": "0",
      "maternal_id": "GREGoR_test-005-004-2",
      "proband_relationship": "Self",
      "proband_relationship_detail": "",
      "sex": "Female",
      "sex_detail": "",
      "reported_ethnicity": "Not Hispanic or Latino",
      "ancestry_detail": "",
      "age_at_last_observation": 0.0,
      "affected_status": "Affected",
      "phenotype_description": [
        "Aortopathy"
      ],
      "age_at_enrollment": 0.0,
      "solve_status": "Unsolved",
      "missing_variant_case": "Unknown",
      "missing_variant_details": "",
      "internal_project_id": [
        "UTAortaStudy"
      ],
      "pmid_id": [],
      "twin_id": [
        "0"
      ],
      "reported_race": [
        "Middle Eastern or North African"
      ]
    }
  },
  {
    "model": "metadata.participant",
    "pk": "GREGoR_test-005-004-2",
    "fields": {
      "gregor_center": "UCI",
      "consent_code": "GRU",
      "recontactable": "Yes",
      "prior_testing": [],
      "family_id": "GREGoR_test-004",
      "paternal_id": "0",
      "maternal_id": "0",
      "proband_relationship": "Mother",
      "proband_relationship_detail": "",
      "sex": "Female",
      "sex_detail": "",
      "reported_ethnicity": "Not Hispanic or Latino",
      "ancestry_detail": "",
      "age_at_last_observation": 38.0,
      "affected_status": "Unaffected",
      "phenotype_description": [
        "healthy"
      ],
      "age_at_enrollment": 38.0,
      "solve_status": "Unaffected",
      "missing_variant_case": "No",
      "missing_variant_details": "",
      "internal_project_id": [],
      "pmid_id": [],
      "twin_id": [
        "0"
      ],
      "reported_race": [
        "Middle Eastern or North African"
      ]
    }
  },
  {
    "model": "metadata.participant",
    "pk": "GREGoR_test-006-006-0",
    "fields": {
      "gregor_center": "UCI",
      "consent_code": "GRU",
      "recontactable": "Yes",
      "prior_testing": [
        "-"
      ],
      "family_id": "GREGoR_test-006",
      "paternal_id": "0",
      "maternal_id": "0",
      "proband_relationship": "Self",
      "proband_relationship_detail": "",
      "sex": "Male",
      "sex_detail": "",
      "reported_ethnicity": "Not Hispanic or Latino",
      "ancestry_detail": "",
      "age_at_last_observation": 0.0,
      "affected_status": "Unaffected",
      "phenotype_description": [
        "Aortopathy"
      ],
      "age_at_enrollment": 0.0,
      "solve_status": "Affected",
      "missing_variant_case": "Unknown",
      "missing_variant_details": "",
      "internal_project_id": [
        "UTAortaStudy"
      ],
      "pmid_id": [],
      "twin_id": [
        "0"
      ],
      "reported_race": [
        "White"
      ]
    }
  },
  {
    "model": "metadata.phenotype",
    "pk": "1.2",
    "fields": {
      "participant_id": "GREGoR_test-001-001-0",
      "term_id": "HP:0002194",
      "presence": "Present",
      "ontology": "HPO",
      "additional_details": "gross motor delay",
      "onset_age_range": "HP:0011463",
      "additional_modifiers": [],
      "syndromic": "syndromic"
    }
  },
  {
    "model": "metadata.phenotype",
    "pk": "1.3",
    "fields": {
      "participant_id": "GREGoR_test-002-001-2",
      "term_id": "HP:0002076",
      "presence": "Present",
      "ontology": "HPO",
      "additional_details": "migraines",
      "onset_age_range": "HP:0003621",
      "additional_modifiers": [],
      "syndromic": "non-syndromic"
    }
  },
  {
    "model": "metadata.phenotype",
    "pk": "1.4",
    "fields": {
      "participant_id": "GREGoR_test-001-001-0",
      "term_id": "HP:0000733",
      "presence": "Present",
      "ontology": "HPO",
      "additional_details": "Stereotypic behavior",
      "onset_age_range": "HP:0003621",
      "additional_modifiers": [],
      "syndromic": "syndromic"
    }
  },
  {
    "model": "metadata.phenotype",
    "pk": "1.5",
    "fields": {
      "participant_id": "GREGoR_test-001-001-0",
      "term_id": "HP:0001260",
      "presence": "Present",
      "ontology": "HPO",
      "additional_details": "Dysarthria",
      "onset_age_range": "HP:0003621",
      "additional_modifiers": [],
      "syndromic": "syndromic"
    }
  },
  {
    "model": "metadata.phenotype",
    "pk": "1.6",
    "fields": {
      "participant_id": "GREGoR_test-003-001-1",
      "term_id": "HP:0032322",
      "presence": "Present",
      "ontology": "HPO",
      "additional_details": "healthy",
      "onset_age_range": "HP:0003621",
      "additional_modifiers": [],
      "syndromic": "non-syndromic"
    }
  },
  {
    "model": "metadata.phenotype",
    "pk": "1.7",
    "fields": {
      "participant_id": "GREGoR_test-001-001-0",
      "term_id": "HP:0001324",
      "presence": "Present",
      "ontology": "HPO",
      "additional_details": "early childhood onset weakness; can get into fast walk but cannot run/can walk 30mins and then fatigued/ poor grasp",
      "onset_age_range": "HP:0003621",
      "additional_modifiers": [],
      "syndromic": "syndromic"
    }
  },
  {
    "model": "metadata.phenotype",
    "pk": "1.8",
    "fields": {
      "participant_id": "GREGoR_test-001-001-0",
      "term_id": "HP:0008936",
      "presence": "Present",
      "ontology": "HPO",
      "additional_details": "hypotonia",
      "onset_age_range": "HP:0003621",
      "additional_modifiers": [],
      "syndromic": "syndromic"
    }
  },
  {
    "model": "metadata.phenotype",
    "pk": "1.9",
    "fields": {
      "participant_id": "GREGoR_test-001-001-0",
      "term_id": "HP:0000729",
      "presence": "Present",
      "ontology": "HPO",
      "additional_details": "Autism spectrum disorder",
      "onset_age_range": "HP:0003621",
      "additional_modifiers": [],
      "syndromic": "syndromic"
    }
  },
  {
    "model": "metadata.phenotype",
    "pk": "2.1",
    "fields": {
      "participant_id": "GREGoR_test-004-004-0",
      "term_id": "HP:0008936",
      "presence": "Present",
      "ontology": "HPO",
      "additional_details": "truncal hypotonia",
      "onset_age_range": "unknown",
      "additional_modifiers": [],
      "syndromic": "non-syndromic"
    }
  },
  {
    "model": "metadata.phenotype",
    "pk": "2.10",
    "fields": {
      "participant_id": "GREGoR_test-005-004-2",
      "term_id": "HP:0032322",
      "presence": "Present",
      "ontology": "HPO",
      "additional_details": "healthy",
      "onset_age_range": "unknown",
      "additional_modifiers": [],
      "syndromic": "non-syndromic"
    }
  },
  {
    "model": "metadata.phenotype",
    "pk": "2.11",
    "fields": {
      "participant_id": "GREGoR_test-004-004-0",
      "term_id": "HP:0000486",
      "presence": "Present",
      "ontology": "HPO",
      "additional_details": "Strabismus",
      "onset_age_range": "unknown",
      "additional_modifiers": [],
      "syndromic": "non-syndromic"
    }
  },
  {
    "model": "metadata.phenotype",
    "pk": "2.2",
    "fields": {
      "participant_id": "GREGoR_test-004-004-0",
      "term_id": "HP:0001257",
      "presence": "Present",
      "ontology": "HPO",
      "additional_details": "spasticity",
      "onset_age_range": "unknown",
      "additional_modifiers": [],
      "syndromic": "non-syndromic"
    }
  },
  {
    "model": "metadata.phenotype",
    "pk": "2.3",
    "fields": {
      "participant_id": "GREGoR_test-004-004-0",
      "term_id": "HP:0000565",
      "presence": "Present",
      "ontology": "HPO",
      "additional_details": "esotropia; bilateral",
      "onset_age_range": "HP:0003593",
      "additional_modifiers": [],
      "syndromic": "non-syndromic"
    }
  },
  {
    "model": "metadata.phenotype",
    "pk": "2.4",
    "fields": {
      "participant_id": "GREGoR_test-004-004-0",
      "term_id": "HP:0001269",
      "presence": "Present",
      "ontology": "HPO",
      "additional_details": "L hemiparesis",
      "onset_age_range": "HP:0003593",
      "additional_modifiers": [],
      "syndromic": "non-syndromic"
    }
  },
  {
    "model": "metadata.phenotype",
    "pk": "2.5",
    "fields": {
      "participant_id": "GREGoR_test-004-004-0",
      "term_id": "HP:0002126",
      "presence": "Present",
      "ontology": "HPO",
      "additional_details": "polymicrogyria",
      "onset_age_range": "HP:0011463",
      "additional_modifiers": [],
      "syndromic": "non-syndromic"
    }
  },
  {
    "model": "metadata.phenotype",
    "pk": "2.6",
    "fields": {
      "participant_id": "GREGoR_test-004-004-0",
      "term_id": "HP:0030724",
      "presence": "Present",
      "ontology": "HPO",
      "additional_details": "multiple brain cysts",
      "onset_age_range": "HP:0011463",
      "additional_modifiers": [],
      "syndromic": "non-syndromic"
    }
  },
  {
    "model": "metadata.phenotype",
    "pk": "2.7",
    "fields": {
      "participant_id": "GREGoR_test-004-004-0",
      "term_id": "HP:0002282",
      "presence": "Present",
      "ontology": "HPO",
      "additional_details": "gray matter heterotopia",
      "onset_age_range": "HP:0011463",
      "additional_modifiers": [],
      "syndromic": "non-syndromic"
    }
  },
  {
    "model": "metadata.phenotype",
    "pk": "2.8",
    "fields": {
      "participant_id": "GREGoR_test-004-004-0",
      "term_id": "HP:0001263",
      "presence": "Present",
      "ontology": "HPO",
      "additional_details": "global developmental delay",
      "onset_age_range": "HP:0011463",
      "additional_modifiers": [],
      "syndromic": "non-syndromic"
    }
  },
  {
    "model": "metadata.phenotype",
    "pk": "2.9",
    "fields": {
      "participant_id": "GREGoR_test-005-004-2",
      "term_id": "HP:0032322",
      "presence": "Present",
      "ontology": "HPO",
      "additional_details": "healthy",
      "onset_age_range": "unknown",
      "additional_modifiers": [],
      "syndromic": "non-syndromic"
    }
  },
  {
    "model": "metadata.phenotype",
    "pk": "3.10",
    "fields": {
      "participant_id": "GREGoR_test-006-006-0",
      "term_id": "HP:0001631",
      "presence": "Present",
      "ontology": "HPO",
      "additional_details": "ASD",
      "onset_age_range": "unknown",
      "additional_modifiers": [],
      "syndromic": "non-syndromic"
    }
  },
  {
    "model": "metadata.phenotype",
    "pk": "3.11",
    "fields": {
      "participant_id": "GREGoR_test-006-006-0",
      "term_id": "HP:0025666",
      "presence": "Present",
      "ontology": "HPO",
      "additional_details": "prematurity; 31wks",
      "onset_age_range": "unknown",
      "additional_modifiers": [],
      "syndromic": "non-syndromic"
    }
  },
  {
    "model": "metadata.phenotype",
    "pk": "3.12",
    "fields": {
      "participant_id": "GREGoR_test-006-006-0",
      "term_id": "HP:0000207",
      "presence": "Present",
      "ontology": "HPO",
      "additional_details": "triangular mouth",
      "onset_age_range": "unknown",
      "additional_modifiers": [],
      "syndromic": "non-syndromic"
    }
  },
  {
    "model": "metadata.geneticfindings",
    "pk": "10_73792184_GREGoR_test-001-001-0",
    "fields": {
      "participant_id": "GREGoR_test-001-001-0",
      "experiment_id": [
        "WGS"
      ],
      "variant_type": [
        "SNV/INDEL"
      ],
      "sv_type": "",
      "variant_reference_assembly": "GRCh38",
      "chrom": "10",
      "chrom_end": "",
      "pos": 73792184,
      "pos_end": null,
      "ref": "C",
      "alt": "T",
      "copy_number": null,
      "ClinGen_allele_ID": "",
      "gene_of_interest": [
        "ZSWIM8"
      ],
      "transcript": "ENST00000604729.6",
      "hgvsc": "c.1645C>T",
      "hgvsp": "",
      "hgvs": "",
      "zygosity": "Heterozygous",
      "allele_balance_or_heteroplasmy_percentage": null,
      "variant_inheritance": "maternal",
      "linked_variant": "",
      "linked_variant_phase": "",
      "gene_known_for_phenotype": "Candidate",
      "known_condition_name": "",
      "condition_id": "",
      "condition_inheritance": [
        "De novo"
      ],
      "GREGoR_variant_classification": "Curation in progress",
      "GREGoR_ClinVar_SCV": "",
      "gene_disease_validity": "Curation in progress",
      "public_database_other": "",
      "public_database_ID_other": "",
      "phenotype_contribution": "",
      "partial_contribution_explained": [],
      "method_of_discovery": [
        "SR-GS"
      ],
      "notes": "",
      "additional_family_members_with_variant": []
    }
  },
  {
    "model": "metadata.geneticfindings",
    "pk": "11_64660831_GREGoR_test-004-004-0",
    "fields": {
      "participant_id": "GREGoR_test-004-004-0",
      "experiment_id": [
        "WGS"
      ],
      "variant_type": [
        "SNV/INDEL"
      ],
      "sv_type": "",
      "variant_reference_assembly": "GRCh38",
      "chrom": "11",
      "chrom_end": "",
      "pos": 64660831,
      "pos_end": null,
      "ref": "C",
      "alt": "T",
      "copy_number": null,
      "ClinGen_allele_ID": "",
      "gene_of_interest": [],
      "transcript": "ENST00000265459.11",
      "hgvsc": "c.2107G>A",
      "hgvsp": "",
      "hgvs": "",
      "zygosity": "Heterozygous",
      "allele_balance_or_heteroplasmy_percentage": null,
      "variant_inheritance": "maternal",
      "linked_variant": "",
      "linked_variant_phase": "",
      "gene_known_for_phenotype": "Candidate",
      "known_condition_name": "",
      "condition_id": "",
      "condition_inheritance": [
        "Unknown"
      ],
      "GREGoR_variant_classification": "Curation in progress",
      "GREGoR_ClinVar_SCV": "",
      "gene_disease_validity": null,
      "public_database_other": "",
      "public_database_ID_other": "",
      "phenotype_contribution": "",
      "partial_contribution_explained": [],
      "method_of_discovery": [
        "SR-GS"
      ],
      "notes": "",
      "additional_family_members_with_variant": []
    }
  },
  {
    "model": "metadata.geneticfindings",
    "pk": "2_6849938_GREGoR_test-001-001-0",
    "fields": {
      "participant_id": "GREGoR_test-001-001-0",
      "experiment_id": [
        "WGS"
      ],
      "variant_type": [
        "SNV/INDEL"
      ],
      "sv_type": "",
      "variant_reference_assembly": "GRCh38",
      "chrom": "2",
      "chrom_end": "",
      "pos": 6849938,
      "pos_end": null,
      "ref": "C",
      "alt": "T",
      "copy_number": null,
      "ClinGen_allele_ID": "",
      "gene_of_interest": [
        "CMPK2"
      ],
      "transcript": "ENST00000256722.10",
      "hgvsc": "c.1262G>A",
      "hgvsp": "",
      "hgvs": "",
      "zygosity": "Heterozygous",
      "allele_balance_or_heteroplasmy_percentage": null,
      "variant_inheritance": "maternal",
      "linked_variant": "2_6865407_GREGoR_test-001-001-0",
      "linked_variant_phase": "in trans",
      "gene_known_for_phenotype": "Candidate",
      "known_condition_name": "",
      "condition_id": "",
      "condition_inheritance": [
        "Unknown"
      ],
      "GREGoR_variant_classification": "Curation in progress",
      "GREGoR_ClinVar_SCV": "",
      "gene_disease_validity": "Curation in progress",
      "public_database_other": "",
      "public_database_ID_other": "",
      "phenotype_contribution": "",
      "partial_contribution_explained": [],
      "method_of_discovery": [
        "SR-GS"
      ],
      "notes": "",
      "additional_family_members_with_variant": []
    }
  },
  {
    "model": "metadata.geneticfindings",
    "pk": "2_6865407_GREGoR_test-001-001-0",
    "fields": {
      "participant_id": "GREGoR_test-001-001-0",
      "experiment_id": [
        "WGS"
      ],
      "variant_type": [
        "SNV/INDEL"
      ],
      "sv_type": "",
      "variant_reference_assembly": "GRCh38",
      "chrom": "2",
      "chrom_end": "",
      "pos": 6865407,
      "pos_end": null,
      "ref": "C",
      "alt": "T",
      "copy_number": null,
      "ClinGen_allele_ID": "",
      "gene_of_interest": [
        "CMPK2"
      ],
      "transcript": "ENST00000256722.10",
      "hgvsc": "c.290G>A",
      "hgvsp": "",
      "hgvs": "",
      "zygosity": "Heterozygous",
      "allele_balance_or_heteroplasmy_percentage": null,
      "variant_inheritance": "paternal",
      "linked_variant": "2_6849938_GREGoR_test-001-001-0",
      "linked_variant_phase": "in trans",
      "gene_known_for_phenotype": "Candidate",
      "known_condition_name": "",
      "condition_id": "",
      "condition_inheritance": [
        "Unknown"
      ],
      "GREGoR_variant_classification": "Curation in progress",
      "GREGoR_ClinVar_SCV": "",
      "gene_disease_validity": "Curation in progress",
      "public_database_other": "",
      "public_database_ID_other": "",
      "phenotype_contribution": "",
      "partial_contribution_explained": [],
      "method_of_discovery": [
        "SR-GS"
      ],
      "notes": "",
      "additional_family_members_with_variant": []
    }
  },
  {
    "model": "metadata.geneticfindings",
    "pk": "5_98899555_GREGoR_test-001-001-0",
    "fields": {
      "participant_id": "GREGoR_test-001-001-0",
      "experiment_id": [
        "WGS"
      ],
      "variant_type": [
        "SNV/INDEL"
      ],
      "sv_type": "",
      "variant_reference_assembly": "GRCh38",
      "chrom": "5",
      "chrom_end": "",
      "pos": 98899555,
      "pos_end": null,
      "ref": "G",
      "alt": "A",
      "copy_number": null,
      "ClinGen_allele_ID": "",
      "gene_of_interest": [
        "CHD1"
      ],
      "transcript": "ENST00000614616.5",
      "hgvsc": "c.1010C>T",
      "hgvsp": "",
      "hgvs": "",
      "zygosity": "Heterozygous",
      "allele_balance_or_heteroplasmy_percentage": null,
      "variant_inheritance": "de novo",
      "linked_variant": "",
      "linked_variant_phase": "",
      "gene_known_for_phenotype": "Known",
      "known_condition_name": "Pilarowski-Bjornsson syndrome",
      "condition_id": "617682",
      "condition_inheritance": [
        "Autosomal dominant"
      ],
      "GREGoR_variant_classification": "Curation in progress",
      "GREGoR_ClinVar_SCV": "",
      "gene_disease_validity": "Curation in progress",
      "public_database_other": "",
      "public_database_ID_other": "",
      "phenotype_contribution": "",
      "partial_contribution_explained": [],
      "method_of_discovery": [
        "SR-GS"
      ],
      "notes": "",
      "additional_family_members_with_variant": []
    }
  },
  {
    "model": "metadata.analyte",
    "pk": "GREGoR_test-001-001-0-D-1",
    "fields": {
      "participant_id": "GREGoR_test-001-001-0",
      "analyte_type": "DNA",
      "analyte_processing_details": null,
      "primary_biosample": "UBERON:0000178",
      "primary_biosample_id": null,
      "primary_biosample_details": null,
      "tissue_affected_status": "No",
      "age_at_collection": null,
      "participant_drugs_intake": null,
      "participant_special_diet": null,
      "hours_since_last_meal": null,
      "passage_number": null,
      "time_to_freeze": null,
      "sample_transformation_detail": null,
      "quality_issues": null,
      "internal_analyte_id": null
    }
  },
  {
    "model": "metadata.analyte",
    "pk": "GREGoR_test-001-001-0-D-2",
    "fields": {
      "participant_id": "GREGoR_test-001-001-0",
      "analyte_type": "DNA",
      "analyte_processing_details": null,
      "primary_biosample": "UBERON:0000178",
      "primary_biosample_id": null,
      "primary_biosample_details": null,
      "tissue_affected_status": "No",
      "age_at_collection": null,
      "participant_drugs_intake": null,
      "participant_special_diet": null,
      "hours_since_last_meal": null,
      "passage_number": null,
      "time_to_freeze": null,
      "sample_transformation_detail": null,
      "quality_issues": null,
      "internal_analyte_id": null
    }
  },
  {
    "model": "metadata.analyte",
    "pk": "GREGoR_test-001-001-0-D-3",
    "fields": {
      "participant_id": "GREGoR_test-001-001-0",
      "analyte_type": "DNA",
      "analyte_processing_details": null,
      "primary_biosample": "UBERON:0000178",
      "primary_biosample_id": null,
      "primary_biosample_details": null,
      "tissue_affected_status": "No",
      "age_at_collection": null,
      "participant_drugs_intake": null,
      "participant_special_diet": null,
      "hours_since_last_meal": null,
      "passage_number": null,
      "time_to_freeze": null,
      "sample_transformation_detail": null,
      "quality_issues": null,
      "internal_analyte_id": null
    }
  },
  {
    "model": "metadata.analyte",
    "pk": "GREGoR_test-001-001-0-OG-1",
    "fields": {
      "participant_id": "GREGoR_test-001-001-0",
      "analyte_type": "DNA",
      "analyte_processing_details": null,
      "primary_biosample": "UBERON:0006956",
      "primary_biosample_id": null,
      "primary_biosample_details": null,
      "tissue_affected_status": "No",
      "age_at_collection": null,
      "participant_drugs_intake": null,
      "participant_special_diet": null,
      "hours_since_last_meal": null,
      "passage_number": null,
      "time_to_freeze": null,
      "sample_transformation_detail": null,
      "quality_issues": null,
      "internal_analyte_id": null
    }
  },
  {
    "model": "metadata.analyte",
    "pk": "GREGoR_test-001-001-0-R-1",
    "fields": {
      "participant_id": "GREGoR_test-001-001-0",
      "analyte_type": "RNA",
      "analyte_processing_details": null,
      "primary_biosample": "UBERON:0000178",
      "primary_biosample_id": null,
      "primary_biosample_details": null,
      "tissue_affected_status": "No",
      "age_at_collection": null,
      "participant_drugs_intake": null,
      "participant_special_diet": null,
      "hours_since_last_meal": null,
      "passage_number": null,
      "time_to_freeze": null,
      "sample_transformation_detail": null,
      "quality_issues": null,
      "internal_analyte_id": null
    }
  },
  {
    "model": "metadata.analyte",
    "pk": "GREGoR_test-001-001-0-R-2",
    "fields": {
      "participant_id": "GREGoR_test-001-001-0",
      "analyte_type": "RNA",
      "analyte_processing_details": "PAXgene Tube",
      "primary_biosample": "UBERON:0000178",
      "primary_biosample_id": null,
      "primary_biosample_details": null,
      "tissue_affected_status": "No",
      "age_at_collection": null,
      "participant_drugs_intake": null,
      "participant_special_diet": null,
      "hours_since_last_meal": null,
      "passage_number": null,
      "time_to_freeze": null,
      "sample_transformation_detail": null,
      "quality_issues": null,
      "internal_analyte_id": null
    }
  },
  {
    "model": "metadata.analyte",
    "pk": "GREGoR_test-001-001-0-X-1",
    "fields": {
      "participant_id": "GREGoR_test-001-001-0",
      "analyte_type": "DNA",
      "analyte_processing_details": "DNA isolated with the Oragene Isolation Kit",
      "primary_biosample": "UBERON:0006956",
      "primary_biosample_id": "GREGoR_test-001-001-0-OG-1",
      "primary_biosample_details": null,
      "tissue_affected_status": "No",
      "age_at_collection": null,
      "participant_drugs_intake": null,
      "participant_special_diet": null,
      "hours_since_last_meal": null,
      "passage_number": null,
      "time_to_freeze": null,
      "sample_transformation_detail": null,
      "quality_issues": null,
      "internal_analyte_id": null
    }
  },
  {
    "model": "metadata.analyte",
    "pk": "GREGoR_test-002-001-2-D-1",
    "fields": {
      "participant_id": "GREGoR_test-002-001-2",
      "analyte_type": "DNA",
      "analyte_processing_details": null,
      "primary_biosample": "UBERON:0000178",
      "primary_biosample_id": null,
      "primary_biosample_details": null,
      "tissue_affected_status": "No",
      "age_at_collection": null,
      "participant_drugs_intake": null,
      "participant_special_diet": null,
      "hours_since_last_meal": null,
      "passage_number": null,
      "time_to_freeze": null,
      "sample_transformation_detail": null,
      "quality_issues": null,
      "internal_analyte_id": null
    }
  },
  {
    "model": "metadata.analyte",
    "pk": "GREGoR_test-002-001-2-D-2",
    "fields": {
      "participant_id": "GREGoR_test-002-001-2",
      "analyte_type": "DNA",
      "analyte_processing_details": null,
      "primary_biosample": "UBERON:0000178",
      "primary_biosample_id": null,
      "primary_biosample_details": null,
      "tissue_affected_status": "No",
      "age_at_collection": null,
      "participant_drugs_intake": null,
      "participant_special_diet": null,
      "hours_since_last_meal": null,
      "passage_number": null,
      "time_to_freeze": null,
      "sample_transformation_detail": null,
      "quality_issues": null,
      "internal_analyte_id": null
    }
  },
  {
    "model": "metadata.analyte",
    "pk": "GREGoR_test-002-001-2-R-1",
    "fields": {
      "participant_id": "GREGoR_test-002-001-2",
      "analyte_type": "RNA",
      "analyte_processing_details": null,
      "primary_biosample": "UBERON:0000178",
      "primary_biosample_id": null,
      "primary_biosample_details": null,
      "tissue_affected_status": "No",
      "age_at_collection": null,
      "participant_drugs_intake": null,
      "participant_special_diet": null,
      "hours_since_last_meal": null,
      "passage_number": null,
      "time_to_freeze": null,
      "sample_transformation_detail": null,
      "quality_issues": null,
      "internal_analyte_id": null
    }
  },
  {
    "model": "metadata.analyte",
    "pk": "GREGoR_test-003-001-1-D-1",
    "fields": {
      "participant_id": "GREGoR_test-003-001-1",
      "analyte_type": "DNA",
      "analyte_processing_details": null,
      "primary_biosample": "UBERON:0000178",
      "primary_biosample_id": null,
      "primary_biosample_details": null,
      "tissue_affected_status": "No",
      "age_at_collection": null,
      "participant_drugs_intake": null,
      "participant_special_diet": null,
      "hours_since_last_meal": null,
      "passage_number": null,
      "time_to_freeze": null,
      "sample_transformation_detail": null,
      "quality_issues": null,
      "internal_analyte_id": null
    }
  },
  {
    "model": "metadata.analyte",
    "pk": "GREGoR_test-003-001-1-D-2",
    "fields": {
      "participant_id": "GREGoR_test-003-001-1",
      "analyte_type": "DNA",
      "analyte_processing_details": null,
      "primary_biosample": "UBERON:0000178",
      "primary_biosample_id": null,
      "primary_biosample_details": null,
      "tissue_affected_status": "No",
      "age_at_collection": null,
      "participant_drugs_intake": null,
      "participant_special_diet": null,
      "hours_since_last_meal": null,
      "passage_number": null,
      "time_to_freeze": null,
      "sample_transformation_detail": null,
      "quality_issues": null,
      "internal_analyte_id": null
    }
  },
  {
    "model": "metadata.analyte",
    "pk": "GREGoR_test-003-001-1-R-1",
    "fields": {
      "participant_id": "GREGoR_test-003-001-1",
      "analyte_type": "RNA",
      "analyte_processing_details": "PAXgene Tube",
      "primary_biosample": "UBERON:0000178",
      "primary_biosample_id": null,
      "primary_biosample_details": null,
      "tissue_affected_status": "No",
      "age_at_collection": null,
      "participant_drugs_intake": null,
      "participant_special_diet": null,
      "hours_since_last_meal": null,
      "passage_number": null,
      "time_to_freeze": null,
      "sample_transformation_detail": null,
      "quality_issues": null,
      "internal_analyte_id": null
    }
  },
  {
    "model": "metadata.analyte",
    "pk": "GREGoR_test-004-004-0-D-1",
    "fields": {
      "participant_id": "GREGoR_test-004-004-0",
      "analyte_type": "DNA",
      "analyte_processing_details": null,
      "primary_biosample": "UBERON:0000178",
      "primary_biosample_id": null,
      "primary_biosample_details": null,
      "tissue_affected_status": "No",
      "age_at_collection": null,
      "participant_drugs_intake": null,
      "participant_special_diet": null,
      "hours_since_last_meal": null,
      "passage_number": null,
      "time_to_freeze": null,
      "sample_transformation_detail": null,
      "quality_issues": null,
      "internal_analyte_id": null
    }
  },
  {
    "model": "metadata.analyte",
    "pk": "GREGoR_test-004-004-0-D-2",
    "fields": {
      "participant_id": "GREGoR_test-004-004-0",
      "analyte_type": "DNA",
      "analyte_processing_details": null,
      "primary_biosample": "UBERON:0000178",
      "primary_biosample_id": null,
      "primary_biosample_details": null,
      "tissue_affected_status": "No",
      "age_at_collection": null,
      "participant_drugs_intake": null,
      "participant_special_diet": null,
      "hours_since_last_meal": null,
      "passage_number": null,
      "time_to_freeze": null,
      "sample_transformation_detail": null,
      "quality_issues": null,
      "internal_analyte_id": null
    }
  },
  {
    "model": "metadata.analyte",
    "pk": "GREGoR_test-004-004-0-D-3",
    "fields": {
      "participant_id": "GREGoR_test-004-004-0",
      "analyte_type": "DNA",
      "analyte_processing_details": null,
      "primary_biosample": "UBERON:0000178",
      "primary_biosample_id": null,
      "primary_biosample_details": null,
      "tissue_affected_status": "No",
      "age_at_collection": null,
      "participant_drugs_intake": null,
      "participant_special_diet": null,
      "hours_since_last_meal": null,
      "passage_number": null,
      "time_to_freeze": null,
      "sample_transformation_detail": null,
      "quality_issues": null,
      "internal_analyte_id": null
    }
  },
  {
    "model": "metadata.analyte",
    "pk": "GREGoR_test-004-004-0-R-1",
    "fields": {
      "participant_id": "GREGoR_test-004-004-0",
      "analyte_type": "RNA",
      "analyte_processing_details": "PAXgene Tube",
      "primary_biosample": "UBERON:0000178",
      "primary_biosample_id": null,
      "primary_biosample_details": null,
      "tissue_affected_status": "No",
      "age_at_collection": null,
      "participant_drugs_intake": null,
      "participant_special_diet": null,
      "hours_since_last_meal": null,
      "passage_number": null,
      "time_to_freeze": null,
      "sample_transformation_detail": null,
      "quality_issues": null,
      "internal_analyte_id": null
    }
  },
  {
    "model": "metadata.analyte",
    "pk": "GREGoR_test-005-004-2-D-1",
    "fields": {
      "participant_id": "GREGoR_test-005-004-2",
      "analyte_type": "DNA",
      "analyte_processing_details": null,
      "primary_biosample": "UBERON:0000178",
      "primary_biosample_id": null,
      "primary_biosample_details": null,
      "tissue_affected_status": "No",
      "age_at_collection": null,
      "participant_drugs_intake": null,
      "participant_special_diet": null,
      "hours_since_last_meal": null,
      "passage_number": null,
      "time_to_freeze": null,
      "sample_transformation_detail": null,
      "quality_issues": null,
      "internal_analyte_id": null
    }
  },
  {
    "model": "metadata.analyte",
    "pk": "GREGoR_test-005-004-2-D-2",
    "fields": {
      "participant_id": "GREGoR_test-005-004-2",
      "analyte_type": "DNA",
      "analyte_processing_details": null,
      "primary_biosample": "UBERON:0000178",
      "primary_biosample_id": null,
      "primary_biosample_details": null,
      "tissue_affected_status": "No",
      "age_at_collection": null,
      "participant_drugs_intake": null,
      "participant_special_diet": null,
      "hours_since_last_meal": null,
      "passage_number": null,
      "time_to_freeze": null,
      "sample_transformation_detail": null,
      "quality_issues": null,
      "internal_analyte_id": null
    }
  },
  {
    "model": "metadata.analyte",
    "pk": "GREGoR_test-005-004-2-D-3",
    "fields": {
      "participant_id": "GREGoR_test-005-004-2",
      "analyte_type": "DNA",
      "analyte_processing_details": null,
      "primary_biosample": "UBERON:0000178",
      "primary_biosample_id": null,
      "primary_biosample_details": null,
      "tissue_affected_status": "No",
      "age_at_collection": null,
      "participant_drugs_intake": null,
      "participant_special_diet": null,
      "hours_since_last_meal": null,
      "passage_number": null,
      "time_to_freeze": null,
      "sample_transformation_detail": null,
      "quality_issues": null,
      "internal_analyte_id": null
    }
  },
  {
    "model": "metadata.analyte",
    "pk": "GREGoR_test-005-004-2-R-1",
    "fields": {
      "participant_id": "GREGoR_test-005-004-2",
      "analyte_type": "RNA",
      "analyte_processing_details": "PAXgene Tube",
      "primary_biosample": "UBERON:0000178",
      "primary_biosample_id": null,
      "primary_biosample_details": null,
      "tissue_affected_status": "No",
      "age_at_collection": null,
      "participant_drugs_intake": null,
      "participant_special_diet": null,
      "hours_since_last_meal": null,
      "passage_number": null,
      "time_to_freeze": null,
      "sample_transformation_detail": null,
      "quality_issues": null,
      "internal_analyte_id": null
    }
  },
  {
    "model": "metadata.analyte",
    "pk": "GREGoR_test-006-006-0-D-1",
    "fields": {
      "participant_id": "GREGoR_test-006-006-0",
      "analyte_type": "DNA",
      "analyte_processing_details": null,
      "primary_biosample": "UBERON:0000178",
      "primary_biosample_id": null,
      "primary_biosample_details": null,
      "tissue_affected_status": "No",
      "age_at_collection": null,
      "participant_drugs_intake": null,
      "participant_special_diet": null,
      "hours_since_last_meal": null,
      "passage_number": null,
      "time_to_freeze": null,
      "sample_transformation_detail": null,
      "quality_issues": null,
      "internal_analyte_id": null
    }
  },
  {
    "model": "metadata.analyte",
    "pk": "GREGoR_test-006-006-0-D-2",
    "fields": {
      "participant_id": "GREGoR_test-006-006-0",
      "analyte_type": "DNA",
      "analyte_processing_details": null,
      "primary_biosample": "UBERON:0000178",
      "primary_biosample_id": null,
      "primary_biosample_details": null,
      "tissue_affected_status": "No",
      "age_at_collection": null,
      "participant_drugs_intake": null,
      "participant_special_diet": null,
      "hours_since_last_meal": null,
      "passage_number": null,
      "time_to_freeze": null,
      "sample_transformation_detail": null,
      "quality_issues": null,
      "internal_analyte_id": null
    }
  },
  {
    "model": "metadata.analyte",
    "pk": "GREGoR_test-006-006-0-D-3",
    "fields": {
      "participant_id": "GREGoR_test-006-006-0",
      "analyte_type": "DNA",
      "analyte_processing_details": null,
      "primary_biosample": "UBERON:0000178",
      "primary_biosample_id": null,
      "primary_biosample_details": null,
      "tissue_affected_status": "No",
      "age_at_collection": null,
      "participant_drugs_intake": null,
      "participant_special_diet": null,
      "hours_since_last_meal": null,
      "passage_number": null,
      "time_to_freeze": null,
      "sample_transformation_detail": null,
      "quality_issues": null,
      "internal_analyte_id": null
    }
  },
  {
    "model": "metadata.analyte",
    "pk": "GREGoR_test-006-006-0-R-1",
    "fields": {
      "participant_id": "GREGoR_test-006-006-0",
      "analyte_type": "RNA",
      "analyte_processing_details": null,
      "primary_biosample": "UBERON:0000178",
      "primary_biosample_id": null,
      "primary_biosample_details": null,
      "tissue_affected_status": "No",
      "age_at_collection": null,
      "participant_drugs_intake": null,
      "participant_special_diet": null,
      "hours_since_last_meal": null,
      "passage_number": null,
      "time_to_freeze": null,
      "sample_transformation_detail": null,
      "quality_issues": null,
      "internal_analyte_id": null
    }
  },
  {
    "model": "metadata.analyte",
    "pk": "GREGoR_test-006-006-0-R-2",
    "fields": {
      "participant_id": "GREGoR_test-006-006-0",
      "analyte_type": "RNA",
      "analyte_processing_details": null,
      "primary_biosample": "UBERON:0000178",
      "primary_biosample_id": null,
      "primary_biosample_details": null,
      "tissue_affected_status": "No",
      "age_at_collection": null,
      "participant_drugs_intake": null,
      "participant_special_diet": null,
      "hours_since_last_meal": null,
      "passage_number": null,
      "time_to_freeze": null,
      "sample_transformation_detail": null,
      "quality_issues": null,
      "internal_analyte_id": null
    }
  },
  {
    "model": "metadata.analyte",
    "pk": "GREGoR_test-006-006-0-SC-1",
    "fields": {
      "participant_id": "GREGoR_test-006-006-0",
      "analyte_type": "DNA",
      "analyte_processing_details": null,
      "primary_biosample": "UBERON:0006956",
      "primary_biosample_id": null,
      "primary_biosample_details": "OCD-100",
      "tissue_affected_status": "No",
      "age_at_collection": null,
      "participant_drugs_intake": null,
      "participant_special_diet": null,
      "hours_since_last_meal": null,
      "passage_number": null,
      "time_to_freeze": null,
      "sample_transformation_detail": null,
      "quality_issues": null,
      "internal_analyte_id": null
    }
  },
  {
    "model": "metadata.analyte",
    "pk": "GREGoR_test-006-006-0-SC-2",
    "fields": {
      "participant_id": "GREGoR_test-006-006-0",
      "analyte_type": "DNA",
      "analyte_processing_details": null,
      "primary_biosample": "UBERON:0006956",
      "primary_biosample_id": null,
      "primary_biosample_details": "OCD-100",
      "tissue_affected_status": "No",
      "age_at_collection": null,
      "participant_drugs_intake": null,
      "participant_special_diet": null,
      "hours_since_last_meal": null,
      "passage_number": null,
      "time_to_freeze": null,
      "sample_transformation_detail": null,
      "quality_issues": null,
      "internal_analyte_id": null
    }
  },
  {
    "model": "metadata.analyte",
    "pk": "GREGoR_test-006-006-0-X-1",
    "fields": {
      "participant_id": "GREGoR_test-006-006-0",
      "analyte_type": "DNA",
      "analyte_processing_details": null,
      "primary_biosample": "UBERON:0006956",
      "primary_biosample_id": "GREGoR_test-001-001-0-SC-1-2",
      "primary_biosample_details": "OCD-100",
      "tissue_affected_status": "No",
      "age_at_collection": null,
      "participant_drugs_intake": null,
      "participant_special_diet": null,
      "hours_since_last_meal": null,
      "passage_number": null,
      "time_to_freeze": null,
      "sample_transformation_detail": null,
      "quality_issues": null,
      "internal_analyte_id": null
    }
  },
  {
    "model": "metadata.analyte",
    "pk": "GREGoR_test-006-006-0-XR-1",
    "fields": {
      "participant_id": "GREGoR_test-006-006-0",
      "analyte_type": "RNA",
      "analyte_processing_details": "RNA isolate extracted with PAXgene kit",
      "primary_biosample": "UBERON:0000178",
      "primary_biosample_id": "GREGoR_test-006-006-0-R-1",
      "primary_biosample_details": "PAXgene Tube",
      "tissue_affected_status": "No",
      "age_at_collection": null,
      "participant_drugs_intake": null,
      "participant_special_diet": null,
      "hours_since_last_meal": null,
      "passage_number": null,
      "time_to_freeze": null,
      "sample_transformation_detail": null,
      "quality_issues": null,
      "internal_analyte_id": null
    }
  },
  {
    "model": "metadata.analyte",
    "pk": "GREGoR_test-006-006-0-XR-2",
    "fields": {
      "participant_id": "GREGoR_test-006-006-0",
      "analyte_type": "RNA",
      "analyte_processing_details": "RNA isolate extracted with PAXgene kit",
      "primary_biosample": "UBERON:0000178",
      "primary_biosample_id": "GREGoR_test-006-006-0-R-2",
      "primary_biosample_details": "PAXgene Tube",
      "tissue_affected_status": "No",
      "age_at_collection": null,
      "participant_drugs_intake": null,
      "participant_special_diet": null,
      "hours_since_last_meal": null,
      "passage_number": null,
      "time_to_freeze": null,
      "sample_transformation_detail": null,
      "quality_issues": null,
      "internal_analyte_id": null
    }
  },
  {
    "model": "metadata.biobank",
    "pk": "GREGoR_test-001-001-0-D-1",
    "fields": {
      "participant": "GREGoR_test-001-001-0",
      "collection_date": "2022-04-11",
      "specimen_type": "D",
      "current_location": "Invitae",
      "freezer_id": null,
      "shelf_id": null,
      "rack_id": null,
      "box_type": "SBS plate",
      "box_id": "Invitae frozen blood sendout 2022-04-01",
      "box_position": "A01",
      "tube_barcode": "35340259",
      "plate_barcode": "47609194",
      "status": "Data delivered",
      "shipment_date": "2023-04-11",
      "tracking_number": "937310997039",
      "test_indication": "Research",
      "requested_test": "IDT xGen DNA EZ library preparation, Custom 2S Turbo for Invitae",
      "external_id": "LS46292673",
      "internal_analysis": "Invitae WGS calling v1.0",
      "comments": null,
      "completed": false,
      "child_analytes": [
        "GREGoR_test-001-001-0-D-1"
      ],
      "experiments": [
        "experiment_dna_short_read.UCI_GREGoR_test-001-001-0-D-1_DNA_1"
      ],
      "alignments": [
        "aligned_dna_short_read.UCI_GREGoR_test-001-001-0-D-1_DNA_1-Aligned_1"
      ]
    }
  },
  {
    "model": "metadata.biobank",
    "pk": "GREGoR_test-001-001-0-D-2",
    "fields": {
      "participant": "GREGoR_test-001-001-0",
      "collection_date": "2022-04-11",
      "specimen_type": "D",
      "current_location": "Pacbio",
      "freezer_id": null,
      "shelf_id": null,
      "rack_id": null,
      "box_type": "SBS plate",
      "box_id": "Pacbio frozen blood sendout 2023-04-08",
      "box_position": "A01",
      "tube_barcode": "83795728",
      "plate_barcode": "47609194",
      "status": "Data delivered",
      "shipment_date": "2023-04-11",
      "tracking_number": "909891393663",
      "test_indication": "Research",
      "requested_test": "Pacbio WGS PCR-free",
      "external_id": "UCI-014",
      "internal_analysis": "PacBio HiFi-human-WGS-WDL v1.2.0",
      "comments": "Pacbio reported viscosity issues with their shearing process.",
      "completed": false,
      "child_analytes": [
        "GREGoR_test-001-001-0-D-2"
      ],
      "experiments": [
        "experiment_pac_bio.UCI_GREGoR_test-001-001-0-D-2_PB_1"
      ],
      "alignments": [
        "aligned_pac_bio.UCI_GREGoR_test-001-001-0-D-2_PB_1-Aligned_1"
      ]
    }
  },
  {
    "model": "metadata.biobank",
    "pk": "GREGoR_test-001-001-0-D-3",
    "fields": {
      "participant": "GREGoR_test-001-001-0",
      "collection_date": "2022-04-11",
      "specimen_type": "D",
      "current_location": "UCSC",
      "freezer_id": null,
      "shelf_id": null,
      "rack_id": null,
      "box_type": "SBS plate",
      "box_id": "UCSC frozen blood sendout 2023-08-04",
      "box_position": "A01",
      "tube_barcode": "72506378",
      "plate_barcode": "71815041",
      "status": "Data delivered",
      "shipment_date": "2023-09-02",
      "tracking_number": "742077448876",
      "test_indication": "Research",
      "requested_test": "UCSC Nanopore WGS PCR-free",
      "external_id": "UCSC33084478",
      "internal_analysis": "cuteSV 1.0",
      "comments": "Processed by UCSC Nanopore Core Lab",
      "completed": false,
      "child_analytes": [
        "GREGoR_test-001-001-0-D-3"
      ],
      "experiments": [
        "experiment_nanopore.UCI_GREGoR_test-001-001-0-D-3_NANO_1"
      ],
      "alignments": [
        "aligned_nanopore.UCI_GREGoR_test-001-001-0-D-3_NANO_1-Aligned_1"
      ]
    }
  },
  {
    "model": "metadata.biobank",
    "pk": "GREGoR_test-001-001-0-OG-1",
    "fields": {
      "participant": "GREGoR_test-001-001-0",
      "collection_date": "2022-09-18",
      "specimen_type": "OG",
      "current_location": "UCI",
      "freezer_id": "Banana Fridge",
      "shelf_id": "1",
      "rack_id": "Saliva Rack 1",
      "box_type": "8x12 metal rack",
      "box_id": "1",
      "box_position": "A1",
      "tube_barcode": null,
      "plate_barcode": null,
      "status": "Extracted",
      "shipment_date": null,
      "tracking_number": null,
      "test_indication": null,
      "requested_test": null,
      "external_id": null,
      "internal_analysis": null,
      "comments": null,
      "completed": false,
      "child_analytes": [
        "GREGoR_test-001-001-0-OG-1"
      ],
      "experiments": [],
      "alignments": []
    }
  },
  {
    "model": "metadata.biobank",
    "pk": "GREGoR_test-001-001-0-R-1",
    "fields": {
      "participant": "GREGoR_test-001-001-0",
      "collection_date": "2022-04-11",
      "specimen_type": "R",
      "current_location": "UCI",
      "freezer_id": "Boris Yeltsin",
      "shelf_id": "1",
      "rack_id": "PAX RNA rack 1",
      "box_type": "8x12 metal rack",
      "box_id": "12",
      "box_position": "A1",
      "tube_barcode": null,
      "plate_barcode": null,
      "status": "Data delivered",
      "shipment_date": "2024-01-22",
      "tracking_number": "715902141122",
      "test_indication": "Research",
      "requested_test": "Watchmaker ribosomal and globin depletion",
      "external_id": "UCI001-RNA-001",
      "internal_analysis": "Leafcutter v1.0",
      "comments": null,
      "completed": false,
      "child_analytes": [
        "GREGoR_test-001-001-0-R-1"
      ],
      "experiments": [
        "experiment_rna_short_read.UCI_GREGoR_test-001-001-0-R-1_RNA_1"
      ],
      "alignments": [
        "aligned_rna_short_read.UCI_GREGoR_test-001-001-0-R-1_RNA_1-Aligned_1"
      ]
    }
  },
  {
    "model": "metadata.biobank",
    "pk": "GREGoR_test-001-001-0-X-1",
    "fields": {
      "participant": "GREGoR_test-001-001-0",
      "collection_date": "2022-09-25",
      "specimen_type": "SC",
      "current_location": "UCI",
      "freezer_id": "Boris Yeltsin",
      "shelf_id": "1",
      "rack_id": "Frozen DNA Box 2",
      "box_type": "9x9 cryobox",
      "box_id": "1",
      "box_position": "B3",
      "tube_barcode": null,
      "plate_barcode": null,
      "status": "Stored",
      "shipment_date": null,
      "tracking_number": null,
      "test_indication": null,
      "requested_test": null,
      "external_id": null,
      "internal_analysis": null,
      "comments": null,
      "completed": false,
      "child_analytes": [
        "GREGoR_test-001-001-0-OG-1",
        "GREGoR_test-001-001-0-X-1"
      ],
      "experiments": [],
      "alignments": []
    }
  },
  {
    "model": "metadata.biobank",
    "pk": "GREGoR_test-002-001-2-D-1",
    "fields": {
      "participant": "GREGoR_test-002-001-2",
      "collection_date": "2022-04-11",
      "specimen_type": "D",
      "current_location": "Invitae",
      "freezer_id": null,
      "shelf_id": null,
      "rack_id": null,
      "box_type": "SBS plate",
      "box_id": "Invitae frozen blood sendout 2022-04-01",
      "box_position": "B01",
      "tube_barcode": "46345185",
      "plate_barcode": "47609194",
      "status": "Data delivered",
      "shipment_date": "2023-04-11",
      "tracking_number": "937310997039",
      "test_indication": "Research",
      "requested_test": "IDT xGen DNA EZ library preparation, Custom 2S Turbo for Invitae",
      "external_id": "LS35544577",
      "internal_analysis": "Invitae WGS calling v1.0",
      "comments": null,
      "completed": false,
      "child_analytes": [
        "GREGoR_test-002-001-2-D-1"
      ],
      "experiments": [
        "experiment_dna_short_read.UCI_GREGoR_test-002-001-2-D-1_DNA_1"
      ],
      "alignments": [
        "aligned_dna_short_read.UCI_GREGoR_test-002-001-2-D-1_DNA_1-Aligned_1"
      ]
    }
  },
  {
    "model": "metadata.biobank",
    "pk": "GREGoR_test-002-001-2-D-2",
    "fields": {
      "participant": "GREGoR_test-002-001-2",
      "collection_date": "2022-04-11",
      "specimen_type": "D",
      "current_location": "Pacbio",
      "freezer_id": null,
      "shelf_id": null,
      "rack_id": null,
      "box_type": "SBS plate",
      "box_id": "Pacbio frozen blood sendout 2023-04-08",
      "box_position": "A02",
      "tube_barcode": "28576418",
      "plate_barcode": "47609194",
      "status": "Data delivered",
      "shipment_date": "2023-04-11",
      "tracking_number": "909891393663",
      "test_indication": "Research",
      "requested_test": "Pacbio WGS PCR-free",
      "external_id": "UCI-068",
      "internal_analysis": "PacBio HiFi-human-WGS-WDL v1.2.0",
      "comments": "Pacbio reported viscosity issues with their shearing process.",
      "completed": false,
      "child_analytes": [
        "GREGoR_test-002-001-2-D-2"
      ],
      "experiments": [
        "experiment_pac_bio.UCI_GREGoR_test-002-001-2-D-2_PB_1"
      ],
      "alignments": [
        "aligned_pac_bio.UCI_GREGoR_test-002-001-2-D-2_PB_1-Aligned_1"
      ]
    }
  },
  {
    "model": "metadata.biobank",
    "pk": "GREGoR_test-002-001-2-R-1",
    "fields": {
      "participant": "GREGoR_test-002-001-2",
      "collection_date": "2022-04-11",
      "specimen_type": "R",
      "current_location": "UCI",
      "freezer_id": "Boris Yeltsin",
      "shelf_id": "2",
      "rack_id": "PAX RNA rack 1",
      "box_type": "8x12 metal rack",
      "box_id": "5",
      "box_position": "B2",
      "tube_barcode": null,
      "plate_barcode": null,
      "status": "Stored",
      "shipment_date": null,
      "tracking_number": null,
      "test_indication": null,
      "requested_test": null,
      "external_id": null,
      "internal_analysis": null,
      "comments": null,
      "completed": false,
      "child_analytes": [
        "GREGoR_test-002-001-2-R-1"
      ],
      "experiments": [],
      "alignments": []
    }
  },
  {
    "model": "metadata.biobank",
    "pk": "GREGoR_test-003-001-1-D-1",
    "fields": {
      "participant": "GREGoR_test-003-001-1",
      "collection_date": "2022-04-11",
      "specimen_type": "D",
      "current_location": "Invitae",
      "freezer_id": null,
      "shelf_id": null,
      "rack_id": null,
      "box_type": "SBS plate",
      "box_id": "Invitae frozen blood sendout 2022-04-01",
      "box_position": "C01",
      "tube_barcode": "91313259",
      "plate_barcode": "47609194",
      "status": "Data delivered",
      "shipment_date": "2023-04-11",
      "tracking_number": "937310997039",
      "test_indication": "Research",
      "requested_test": "IDT xGen DNA EZ library preparation, Custom 2S Turbo for Invitae",
      "external_id": "LS63958145",
      "internal_analysis": "Invitae WGS calling v1.0",
      "comments": null,
      "completed": false,
      "child_analytes": [
        "GREGoR_test-003-001-1-D-1"
      ],
      "experiments": [
        "experiment_dna_short_read.UCI_GREGoR_test-003-001-1-D-1_DNA_1"
      ],
      "alignments": [
        "aligned_dna_short_read.UCI_GREGoR_test-003-001-1-D-1_DNA_1-Aligned_1"
      ]
    }
  },
  {
    "model": "metadata.biobank",
    "pk": "GREGoR_test-003-001-1-D-2",
    "fields": {
      "participant": "GREGoR_test-003-001-1",
      "collection_date": "2022-04-11",
      "specimen_type": "D",
      "current_location": "Pacbio",
      "freezer_id": null,
      "shelf_id": null,
      "rack_id": null,
      "box_type": "SBS plate",
      "box_id": "Pacbio frozen blood sendout 2023-04-08",
      "box_position": "A03",
      "tube_barcode": "89025469",
      "plate_barcode": "47609194",
      "status": "Data delivered",
      "shipment_date": "2023-04-11",
      "tracking_number": "909891393663",
      "test_indication": "Research",
      "requested_test": "Pacbio WGS PCR-free",
      "external_id": "UCI-054",
      "internal_analysis": "PacBio HiFi-human-WGS-WDL v1.2.0",
      "comments": "Pacbio reported viscosity issues with their shearing process.",
      "completed": false,
      "child_analytes": [
        "GREGoR_test-003-001-1-D-2"
      ],
      "experiments": [
        "experiment_pac_bio.UCI_GREGoR_test-003-001-1-D-2_PB_1"
      ],
      "alignments": [
        "aligned_pac_bio.UCI_GREGoR_test-003-001-1-D-2_PB_1-Aligned_1"
      ]
    }
  },
  {
    "model": "metadata.biobank",
    "pk": "GREGoR_test-003-001-1-R-1",
    "fields": {
      "participant": "GREGoR_test-003-001-1",
      "collection_date": "2022-04-11",
      "specimen_type": "R",
      "current_location": "UCI",
      "freezer_id": "Boris Yeltsin",
      "shelf_id": "2",
      "rack_id": "PAX RNA rack 1",
      "box_type": "8x12 metal rack",
      "box_id": "5",
      "box_position": "B3",
      "tube_barcode": null,
      "plate_barcode": null,
      "status": "Stored",
      "shipment_date": null,
      "tracking_number": null,
      "test_indication": null,
      "requested_test": null,
      "external_id": null,
      "internal_analysis": null,
      "comments": null,
      "completed": false,
      "child_analytes": [
        "GREGoR_test-002-001-2-R-1"
      ],
      "experiments": [],
      "alignments": []
    }
  },
  {
    "model": "metadata.biobank",
    "pk": "GREGoR_test-004-004-0-D-1",
    "fields": {
      "participant": "GREGoR_test-004-004-0",
      "collection_date": "2022-07-03",
      "specimen_type": "D",
      "current_location": "Invitae",
      "freezer_id": null,
      "shelf_id": null,
      "rack_id": null,
      "box_type": "SBS plate",
      "box_id": "Invitae frozen blood sendout 2022-04-01",
      "box_position": "A02",
      "tube_barcode": "57981852",
      "plate_barcode": "47609194",
      "status": "Data delivered",
      "shipment_date": "2023-04-11",
      "tracking_number": "937310997039",
      "test_indication": "Research",
      "requested_test": "IDT xGen DNA EZ library preparation, Custom 2S Turbo for Invitae",
      "external_id": "LS88545908",
      "internal_analysis": "Invitae WGS calling v1.0",
      "comments": null,
      "completed": false,
      "child_analytes": [
        "GREGoR_test-004-004-0-D-1"
      ],
      "experiments": [
        "experiment_dna_short_read.UCI_GREGoR_test-004-004-0-D-1_DNA_1"
      ],
      "alignments": [
        "aligned_dna_short_read.UCI_GREGoR_test-004-004-0-D-1_DNA_1-Aligned_1"
      ]
    }
  },
  {
    "model": "metadata.biobank",
    "pk": "GREGoR_test-004-004-0-D-3",
    "fields": {
      "participant": "GREGoR_test-004-004-0",
      "collection_date": "2022-05-03",
      "specimen_type": "D",
      "current_location": "UCSC",
      "freezer_id": null,
      "shelf_id": null,
      "rack_id": null,
      "box_type": "SBS plate",
      "box_id": "UCSC frozen blood sendout 2023-08-04",
      "box_position": "B01",
      "tube_barcode": "99993508",
      "plate_barcode": "71815041",
      "status": "Data delivered",
      "shipment_date": "2023-09-02",
      "tracking_number": "742077448876",
      "test_indication": "Research",
      "requested_test": "UCSC Nanopore WGS PCR-free",
      "external_id": "UCSC83073673",
      "internal_analysis": "cuteSV 1.0",
      "comments": "Processed by UCSC Nanopore Core Lab",
      "completed": false,
      "child_analytes": [
        "GREGoR_test-004-004-0-D-3"
      ],
      "experiments": [
        "experiment_nanopore.UCI_GREGoR_test-004-004-0-D-3_NANO_1"
      ],
      "alignments": [
        "aligned_nanopore.UCI_GREGoR_test-004-004-0-D-3_NANO_1-Aligned_1"
      ]
    }
  },
  {
    "model": "metadata.biobank",
    "pk": "GREGoR_test-004-004-0-R-1",
    "fields": {
      "participant": "GREGoR_test-004-004-0",
      "collection_date": "2022-05-03",
      "specimen_type": "R",
      "current_location": "UCI",
      "freezer_id": "Boris Yeltsin",
      "shelf_id": "2",
      "rack_id": "PAX RNA rack 1",
      "box_type": "8x12 metal rack",
      "box_id": "5",
      "box_position": "C1",
      "tube_barcode": null,
      "plate_barcode": null,
      "status": "Stored",
      "shipment_date": null,
      "tracking_number": null,
      "test_indication": null,
      "requested_test": null,
      "external_id": null,
      "internal_analysis": null,
      "comments": null,
      "completed": false,
      "child_analytes": [
        "GREGoR_test-004-004-0-R-1"
      ],
      "experiments": [],
      "alignments": []
    }
  },
  {
    "model": "metadata.biobank",
    "pk": "GREGoR_test-005-004-2-D-1",
    "fields": {
      "participant": "GREGoR_test-005-004-2",
      "collection_date": "2022-07-03",
      "specimen_type": "D",
      "current_location": "Invitae",
      "freezer_id": null,
      "shelf_id": null,
      "rack_id": null,
      "box_type": "SBS plate",
      "box_id": "Invitae frozen blood sendout 2022-04-01",
      "box_position": "B02",
      "tube_barcode": "84822757",
      "plate_barcode": "47609194",
      "status": "Data delivered",
      "shipment_date": "2023-04-11",
      "tracking_number": "937310997039",
      "test_indication": "Research",
      "requested_test": "IDT xGen DNA EZ library preparation, Custom 2S Turbo for Invitae",
      "external_id": "LS87710017",
      "internal_analysis": "Invitae WGS calling v1.0",
      "comments": null,
      "completed": false,
      "child_analytes": [
        "GREGoR_test-005-004-2-D-1"
      ],
      "experiments": [
        "experiment_dna_short_read.UCI_GREGoR_test-005-004-2-D-1_DNA_1"
      ],
      "alignments": [
        "aligned_dna_short_read.UCI_GREGoR_test-005-004-2-D-1_DNA_1-Aligned_1"
      ]
    }
  },
  {
    "model": "metadata.biobank",
    "pk": "GREGoR_test-005-004-2-R-1",
    "fields": {
      "participant": "GREGoR_test-005-004-2",
      "collection_date": "2022-05-03",
      "specimen_type": "R",
      "current_location": "UCI",
      "freezer_id": "Boris Yeltsin",
      "shelf_id": "2",
      "rack_id": "PAX RNA rack 1",
      "box_type": "8x12 metal rack",
      "box_id": "5",
      "box_position": "C2",
      "tube_barcode": null,
      "plate_barcode": null,
      "status": "Stored",
      "shipment_date": null,
      "tracking_number": null,
      "test_indication": null,
      "requested_test": null,
      "external_id": null,
      "internal_analysis": null,
      "comments": null,
      "completed": false,
      "child_analytes": [
        "GREGoR_test-005-004-2-R-1"
      ],
      "experiments": [],
      "alignments": []
    }
  },
  {
    "model": "metadata.biobank",
    "pk": "GREGoR_test-006-006-0-D-1",
    "fields": {
      "participant": "GREGoR_test-006-006-0",
      "collection_date": "2022-09-11",
      "specimen_type": "D",
      "current_location": "Invitae",
      "freezer_id": null,
      "shelf_id": null,
      "rack_id": null,
      "box_type": "SBS plate",
      "box_id": "Invitae frozen blood sendout 2022-04-01",
      "box_position": "A03",
      "tube_barcode": "93009741",
      "plate_barcode": "47609194",
      "status": "Data delivered",
      "shipment_date": "2023-04-11",
      "tracking_number": "937310997039",
      "test_indication": "Research",
      "requested_test": "IDT xGen DNA EZ library preparation, Custom 2S Turbo for Invitae",
      "external_id": "LS92383918",
      "internal_analysis": "Invitae WGS calling v1.0",
      "comments": null,
      "completed": false,
      "child_analytes": [
        "GREGoR_test-006-006-0-D-1"
      ],
      "experiments": [
        "experiment_dna_short_read.UCI_GREGoR_test-006-006-0-D-1_DNA_1"
      ],
      "alignments": [
        "aligned_dna_short_read.UCI_GREGoR_test-006-006-0-D-1_DNA_1-Aligned_1"
      ]
    }
  },
  {
    "model": "metadata.biobank",
    "pk": "GREGoR_test-006-006-0-D-3",
    "fields": {
      "participant": "GREGoR_test-006-006-0",
      "collection_date": "2022-05-03",
      "specimen_type": "D",
      "current_location": "UCSC",
      "freezer_id": null,
      "shelf_id": null,
      "rack_id": null,
      "box_type": "SBS plate",
      "box_id": "UCSC frozen blood sendout 2023-08-04",
      "box_position": "C01",
      "tube_barcode": "74110330",
      "plate_barcode": "71815041",
      "status": "Data delivered",
      "shipment_date": "2023-09-02",
      "tracking_number": "742077448876",
      "test_indication": "Research",
      "requested_test": "UCSC Nanopore WGS PCR-free",
      "external_id": "UCSC84469048",
      "internal_analysis": "cuteSV 1.0",
      "comments": "Processed by UCSC Nanopore Core Lab",
      "completed": false,
      "child_analytes": [
        "GREGoR_test-006-006-0-D-3"
      ],
      "experiments": [
        "experiment_nanopore.UCI_GREGoR_test-006-006-0-D-3_NANO_1"
      ],
      "alignments": [
        "aligned_nanopore.UCI_GREGoR_test-006-006-0-D-3_NANO_1-Aligned_1"
      ]
    }
  },
  {
    "model": "metadata.biobank",
    "pk": "GREGoR_test-006-006-0-R-1",
    "fields": {
      "participant": "GREGoR_test-006-006-0",
      "collection_date": "2022-09-11",
      "specimen_type": "R",
      "current_location": "UCI",
      "freezer_id": "Boris Yeltsin",
      "shelf_id": "2",
      "rack_id": "PAX RNA rack 1",
      "box_type": "8x12 metal rack",
      "box_id": "5",
      "box_position": "D1",
      "tube_barcode": null,
      "plate_barcode": null,
      "status": "Extracted",
      "shipment_date": null,
      "tracking_number": null,
      "test_indication": null,
      "requested_test": null,
      "external_id": null,
      "internal_analysis": null,
      "comments": null,
      "completed": false,
      "child_analytes": [
        "GREGoR_test-006-006-0-R-1"
      ],
      "experiments": [],
      "alignments": []
    }
  },
  {
    "model": "metadata.biobank",
    "pk": "GREGoR_test-006-006-0-R-2",
    "fields": {
      "participant": "GREGoR_test-006-006-0",
      "collection_date": "2022-09-11",
      "specimen_type": "R",
      "current_location": "UCI",
      "freezer_id": "Boris Yeltsin",
      "shelf_id": "2",
      "rack_id": "PAX RNA rack 1",
      "box_type": "8x12 metal rack",
      "box_id": "5",
      "box_position": "D2",
      "tube_barcode": null,
      "plate_barcode": null,
      "status": "Extracted",
      "shipment_date": null,
      "tracking_number": null,
      "test_indication": null,
      "requested_test": null,
      "external_id": null,
      "internal_analysis": null,
      "comments": null,
      "completed": false,
      "child_analytes": [
        "GREGoR_test-006-006-0-R-2"
      ],
      "experiments": [],
      "alignments": []
    }
  },
  {
    "model": "metadata.biobank",
    "pk": "GREGoR_test-006-006-0-SC-1",
    "fields": {
      "participant": "GREGoR_test-006-006-0",
      "collection_date": "2022-09-18",
      "specimen_type": "SC",
      "current_location": "UCI",
      "freezer_id": "Banana Fridge",
      "shelf_id": "1",
      "rack_id": "Saliva Rack 1",
      "box_type": "8x12 metal rack",
      "box_id": "1",
      "box_position": "A5",
      "tube_barcode": null,
      "plate_barcode": null,
      "status": "Extracted",
      "shipment_date": null,
      "tracking_number": null,
      "test_indication": null,
      "requested_test": null,
      "external_id": null,
      "internal_analysis": null,
      "comments": null,
      "completed": false,
      "child_analytes": [
        "GREGoR_test-006-006-0-SC-1"
      ],
      "experiments": [],
      "alignments": []
    }
  },
  {
    "model": "metadata.biobank",
    "pk": "GREGoR_test-006-006-0-SC-2",
    "fields": {
      "participant": "GREGoR_test-006-006-0",
      "collection_date": "2022-09-18",
      "specimen_type": "SC",
      "current_location": "UCI",
      "freezer_id": "Banana Fridge",
      "shelf_id": "1",
      "rack_id": "Saliva Rack 1",
      "box_type": "8x12 metal rack",
      "box_id": "1",
      "box_position": "A6",
      "tube_barcode": null,
      "plate_barcode": null,
      "status": "Extracted",
      "shipment_date": null,
      "tracking_number": null,
      "test_indication": null,
      "requested_test": null,
      "external_id": null,
      "internal_analysis": null,
      "comments": null,
      "completed": false,
      "child_analytes": [
        "GREGoR_test-006-006-0-SC-2"
      ],
      "experiments": [],
      "alignments": []
    }
  },
  {
    "model": "metadata.biobank",
    "pk": "GREGoR_test-006-006-0-X-1",
    "fields": {
      "participant": "GREGoR_test-006-006-0",
      "collection_date": "2022-09-18",
      "specimen_type": "SC",
      "current_location": "UCI",
      "freezer_id": "Boris Yeltsin",
      "shelf_id": "1",
      "rack_id": "Frozen DNA Box 2",
      "box_type": "9x9 cryobox",
      "box_id": "1",
      "box_position": "D7",
      "tube_barcode": null,
      "plate_barcode": null,
      "status": "Stored",
      "shipment_date": null,
      "tracking_number": null,
      "test_indication": null,
      "requested_test": null,
      "external_id": null,
      "internal_analysis": null,
      "comments": null,
      "completed": false,
      "child_analytes": [
        "GREGoR_test-006-006-0-SC-1",
        "GREGoR_test-006-006-0-SC-2",
        "GREGoR_test-006-006-0-X-1"
      ],
      "experiments": [],
      "alignments": []
    }
  },
  {
    "model": "metadata.biobank",
    "pk": "GREGoR_test-006-006-0-XR-1",
    "fields": {
      "participant": "GREGoR_test-006-006-0",
      "collection_date": "2022-09-18",
      "specimen_type": "XR",
      "current_location": "UCI",
      "freezer_id": "Boris Yeltsin",
      "shelf_id": "2",
      "rack_id": "Frozen RNA Box 1",
      "box_type": "9x9 cryobox",
      "box_id": "5",
      "box_position": "A1",
      "tube_barcode": null,
      "plate_barcode": null,
      "status": "Stored",
      "shipment_date": null,
      "tracking_number": null,
      "test_indication": null,
      "requested_test": null,
      "external_id": null,
      "internal_analysis": null,
      "comments": null,
      "completed": false,
      "child_analytes": [
        "GREGoR_test-006-006-0-R-1",
        "GREGoR_test-006-006-0-XR-1"
      ],
      "experiments": [],
      "alignments": []
    }
  },
  {
    "model": "metadata.biobank",
    "pk": "GREGoR_test-006-006-0-XR-2",
    "fields": {
      "participant": "GREGoR_test-006-006-0",
      "collection_date": "2022-09-18",
      "specimen_type": "XR",
      "current_location": "UCI",
      "freezer_id": "Boris Yeltsin",
      "shelf_id": "2",
      "rack_id": "Frozen RNA Box 1",
      "box_type": "9x9 cryobox",
      "box_id": "5",
      "box_position": "A2",
      "tube_barcode": null,
      "plate_barcode": null,
      "status": "Stored",
      "shipment_date": null,
      "tracking_number": null,
      "test_indication": null,
      "requested_test": null,
      "external_id": null,
      "internal_analysis": null,
      "comments": null,
      "completed": false,
      "child_analytes": [
        "GREGoR_test-006-006-0-R-2",
        "GREGoR_test-006-006-0-XR-2"
      ],
      "experiments": [],
      "alignments": []
    }
  },
  {
    "model": "experiments.experiment",
    "pk": "experiment_dna_short_read.UCI_GREGoR_test-001-001-0-D-1_DNA_1",
    "fields": {
      "table_name": "experiment_dna_short_read",
      "id_in_table": "UCI_GREGoR_test-001-001-0-D-1_DNA_1",
      "participant_id": "GREGoR_test-001-001-0"
    }
  },
  {
    "model": "experiments.experiment",
    "pk": "experiment_dna_short_read.UCI_GREGoR_test-002-001-2-D-1_DNA_1",
    "fields": {
      "table_name": "experiment_dna_short_read",
      "id_in_table": "UCI_GREGoR_test-002-001-2-D-1_DNA_1",
      "participant_id": "GREGoR_test-002-001-2"
    }
  },
  {
    "model": "experiments.experiment",
    "pk": "experiment_dna_short_read.UCI_GREGoR_test-003-001-1-D-1_DNA_1",
    "fields": {
      "table_name": "experiment_dna_short_read",
      "id_in_table": "UCI_GREGoR_test-003-001-1-D-1_DNA_1",
      "participant_id": "GREGoR_test-003-001-1"
    }
  },
  {
    "model": "experiments.experiment",
    "pk": "experiment_dna_short_read.UCI_GREGoR_test-004-004-0-D-1_DNA_1",
    "fields": {
      "table_name": "experiment_dna_short_read",
      "id_in_table": "UCI_GREGoR_test-004-004-0-D-1_DNA_1",
      "participant_id": "GREGoR_test-004-004-0"
    }
  },
  {
    "model": "experiments.experiment",
    "pk": "experiment_dna_short_read.UCI_GREGoR_test-005-004-2-D-1_DNA_1",
    "fields": {
      "table_name": "experiment_dna_short_read",
      "id_in_table": "UCI_GREGoR_test-005-004-2-D-1_DNA_1",
      "participant_id": "GREGoR_test-005-004-2"
    }
  },
  {
    "model": "experiments.experiment",
    "pk": "experiment_dna_short_read.UCI_GREGoR_test-006-006-0-D-1_DNA_1",
    "fields": {
      "table_name": "experiment_dna_short_read",
      "id_in_table": "UCI_GREGoR_test-006-006-0-D-1_DNA_1",
      "participant_id": "GREGoR_test-006-006-0"
    }
  },
  {
    "model": "experiments.experiment",
    "pk": "experiment_nanopore.UCI_GREGoR_test-001-001-0-D-3_NANO_1",
    "fields": {
      "table_name": "experiment_nanopore",
      "id_in_table": "UCI_GREGoR_test-001-001-0-D-3_NANO_1",
      "participant_id": "GREGoR_test-001-001-0"
    }
  },
  {
    "model": "experiments.experiment",
    "pk": "experiment_nanopore.UCI_GREGoR_test-004-004-0-D-3_NANO_1",
    "fields": {
      "table_name": "experiment_nanopore",
      "id_in_table": "UCI_GREGoR_test-004-004-0-D-3_NANO_1",
      "participant_id": "GREGoR_test-004-004-0"
    }
  },
  {
    "model": "experiments.experiment",
    "pk": "experiment_nanopore.UCI_GREGoR_test-006-006-0-D-3_NANO_1",
    "fields": {
      "table_name": "experiment_nanopore",
      "id_in_table": "UCI_GREGoR_test-006-006-0-D-3_NANO_1",
      "participant_id": "GREGoR_test-006-006-0"
    }
  },
  {
    "model": "experiments.experiment",
    "pk": "experiment_pac_bio.UCI_GREGoR_test-001-001-0-D-2_PB_1",
    "fields": {
      "table_name": "experiment_pac_bio",
      "id_in_table": "UCI_GREGoR_test-001-001-0-D-2_PB_1",
      "participant_id": "GREGoR_test-001-001-0"
    }
  },
  {
    "model": "experiments.experiment",
    "pk": "experiment_pac_bio.UCI_GREGoR_test-002-001-2-D-2_PB_1",
    "fields": {
      "table_name": "experiment_pac_bio",
      "id_in_table": "UCI_GREGoR_test-002-001-2-D-2_PB_1",
      "participant_id": "GREGoR_test-002-001-2"
    }
  },
  {
    "model": "experiments.experiment",
    "pk": "experiment_pac_bio.UCI_GREGoR_test-003-001-1-D-2_PB_1",
    "fields": {
      "table_name": "experiment_pac_bio",
      "id_in_table": "UCI_GREGoR_test-003-001-1-D-2_PB_1",
      "participant_id": "GREGoR_test-003-001-1"
    }
  },
  {
    "model": "experiments.experiment",
    "pk": "experiment_rna_short_read.UCI_GREGoR_test-001-001-0-R-1_RNA_1",
    "fields": {
      "table_name": "experiment_rna_short_read",
      "id_in_table": "UCI_GREGoR_test-001-001-0-R-1_RNA_1",
      "participant_id": "GREGoR_test-001-001-0"
    }
  },
  {
    "model": "experiments.aligned",
    "pk": "aligned_dna_short_read.UCI_GREGoR_test-001-001-0-D-1_DNA_1-Aligned_1",
    "fields": {
      "table_name": "aligned_dna_short_read",
      "id_in_table": "UCI_GREGoR_test-001-001-0-D-1_DNA_1-Aligned_1",
      "participant_id": "GREGoR_test-001-001-0",
      "aligned_file": "gs://fc-secure-3cbd4d3d-7331-46f9-a98f-ebba0a894562/cram/UCI_GREGoR_test-001-001-0-D-1_DNA_1.cram",
      "aligned_index_file": "gs://fc-secure-3cbd4d3d-7331-46f9-a98f-ebba0a894562/cram/UCI_GREGoR_test-001-001-0-D-1_DNA_1.crai"
    }
  },
  {
    "model": "experiments.aligned",
    "pk": "aligned_dna_short_read.UCI_GREGoR_test-002-001-2-D-1_DNA_1-Aligned_1",
    "fields": {
      "table_name": "aligned_dna_short_read",
      "id_in_table": "UCI_GREGoR_test-002-001-2-D-1_DNA_1-Aligned_1",
      "participant_id": "GREGoR_test-002-001-2",
      "aligned_file": "gs://fc-secure-be182c9d-e20a-43aa-b158-39113ea47705/cram/UCI_GREGoR_test-002-001-2-D-1_DNA_1-Aligned_1.cram",
      "aligned_index_file": "gs://fc-secure-be182c9d-e20a-43aa-b158-39113ea47705/cram/UCI_GREGoR_test-002-001-2-D-1_DNA_1-Aligned_1.crai"
    }
  },
  {
    "model": "experiments.aligned",
    "pk": "aligned_dna_short_read.UCI_GREGoR_test-003-001-1-D-1_DNA_1-Aligned_1",
    "fields": {
      "table_name": "aligned_dna_short_read",
      "id_in_table": "UCI_GREGoR_test-003-001-1-D-1_DNA_1-Aligned_1",
      "participant_id": "GREGoR_test-003-001-1",
      "aligned_file": "gs://fc-secure-be182c9d-e20a-43aa-b158-39113ea47705/cram/UCI_GREGoR_test-003-001-1-D-1_SQ6106.cram",
      "aligned_index_file": "gs://fc-secure-be182c9d-e20a-43aa-b158-39113ea47705/cram/UCI_GREGoR_test-003-001-1-D-1_SQ6106.crai"
    }
  },
  {
    "model": "experiments.aligned",
    "pk": "aligned_dna_short_read.UCI_GREGoR_test-004-004-0-D-1_DNA_1-Aligned_1",
    "fields": {
      "table_name": "aligned_dna_short_read",
      "id_in_table": "UCI_GREGoR_test-004-004-0-D-1_DNA_1-Aligned_1",
      "participant_id": "GREGoR_test-004-004-0",
      "aligned_file": "gs://fc-secure-be182c9d-e20a-43aa-b158-39113ea47705/cram/UCI_GREGoR_test-004-004-0-D-1_DNA_1-Aligned_1.cram",
      "aligned_index_file": "gs://fc-secure-be182c9d-e20a-43aa-b158-39113ea47705/cram/UCI_GREGoR_test-004-004-0-D-1_DNA_1-Aligned_1.crai"
    }
  },
  {
    "model": "experiments.aligned",
    "pk": "aligned_dna_short_read.UCI_GREGoR_test-005-004-2-D-1_DNA_1-Aligned_1",
    "fields": {
      "table_name": "aligned_dna_short_read",
      "id_in_table": "UCI_GREGoR_test-005-004-2-D-1_DNA_1-Aligned_1",
      "participant_id": "GREGoR_test-005-004-2",
      "aligned_file": "gs://fc-secure-be182c9d-e20a-43aa-b158-39113ea47705/cram/UCI_GREGoR_test-005-004-2-D-1_DNA_1-Aligned_1.cram",
      "aligned_index_file": "gs://fc-secure-be182c9d-e20a-43aa-b158-39113ea47705/cram/UCI_GREGoR_test-005-004-2-D-1_DNA_1-Aligned_1.crai"
    }
  },
  {
    "model": "experiments.aligned",
    "pk": "aligned_dna_short_read.UCI_GREGoR_test-006-006-0-D-1_DNA_1-Aligned_1",
    "fields": {
      "table_name": "aligned_dna_short_read",
      "id_in_table": "UCI_GREGoR_test-006-006-0-D-1_DNA_1-Aligned_1",
      "participant_id": "GREGoR_test-006-006-0",
      "aligned_file": "gs://fc-secure-be182c9d-e20a-43aa-b158-39113ea47705/cram/GREGoR_test-006-006-0-D-1_SQ6061.cram",
      "aligned_index_file": "gs://fc-secure-be182c9d-e20a-43aa-b158-39113ea47705/cram/GREGoR_test-006-006-0-D-1_SQ6061.crai"
    }
  },
  {
    "model": "experiments.aligned",
    "pk": "aligned_nanopore.UCI_GREGoR_test-001-001-0-D-3_NANO_1-Aligned_1",
    "fields": {
      "table_name": "aligned_nanopore",
      "id_in_table": "UCI_GREGoR_test-001-001-0-D-3_NANO_1-Aligned_1",
      "participant_id": "GREGoR_test-001-001-0",
      "aligned_file": "gs://fc-secure-1b1e1ff4-3496-466f-8952-12f034c3c469/bam/nanopore/GREGoR_test-001-001-0-D-3.bam",
      "aligned_index_file": "gs://fc-secure-1b1e1ff4-3496-466f-8952-12f034c3c469/bam/nanopore/GREGoR_test-001-001-0-D-3.bai"
    }
  },
  {
    "model": "experiments.aligned",
    "pk": "aligned_nanopore.UCI_GREGoR_test-004-004-0-D-3_NANO_1-Aligned_1",
    "fields": {
      "table_name": "aligned_nanopore",
      "id_in_table": "UCI_GREGoR_test-004-004-0-D-3_NANO_1-Aligned_1",
      "participant_id": "GREGoR_test-004-004-0",
      "aligned_file": "gs://fc-secure-1b1e1ff4-3496-466f-8952-12f034c3c469/bam/nanopore/GREGoR_test-004-004-0-D-3.bam",
      "aligned_index_file": "gs://fc-secure-1b1e1ff4-3496-466f-8952-12f034c3c469/bam/nanopore/GREGoR_test-004-004-0-D-3.bai"
    }
  },
  {
    "model": "experiments.aligned",
    "pk": "aligned_nanopore.UCI_GREGoR_test-006-006-0-D-3_NANO_1-Aligned_1",
    "fields": {
      "table_name": "aligned_nanopore",
      "id_in_table": "UCI_GREGoR_test-006-006-0-D-3_NANO_1-Aligned_1",
      "participant_id": "GREGoR_test-006-006-0",
      "aligned_file": "gs://fc-secure-1b1e1ff4-3496-466f-8952-12f034c3c469/bam/nanopore/GREGoR_test-006-006-0-D-3.bam",
      "aligned_index_file": "gs://fc-secure-1b1e1ff4-3496-466f-8952-12f034c3c469/bam/nanopore/GREGoR_test-006-006-0-D-3.bai"
    }
  },
  {
    "model": "experiments.aligned",
    "pk": "aligned_pac_bio.UCI_GREGoR_test-001-001-0-D-2_PB_1-Aligned_1",
    "fields": {
      "table_name": "aligned_pac_bio",
      "id_in_table": "UCI_GREGoR_test-001-001-0-D-2_PB_1-Aligned_1",
      "participant_id": "GREGoR_test-001-001-0",
      "aligned_file": "gs://fc-secure-1b1e1ff4-3496-466f-8952-12f034c3c469/bam/pacbio/GREGoR_test-001-001-0-D-2.bam",
      "aligned_index_file": "gs://fc-secure-1b1e1ff4-3496-466f-8952-12f034c3c469/bam/pacbio/GREGoR_test-001-001-0-D-2.bai"
    }
  },
  {
    "model": "experiments.aligned",
    "pk": "aligned_pac_bio.UCI_GREGoR_test-002-001-2-D-2_PB_1-Aligned_1",
    "fields": {
      "table_name": "aligned_pac_bio",
      "id_in_table": "UCI_GREGoR_test-002-001-2-D-2_PB_1-Aligned_1",
      "participant_id": "GREGoR_test-002-001-2",
      "aligned_file": "gs://fc-secure-1b1e1ff4-3496-466f-8952-12f034c3c469/bam/pacbio/GREGoR_test-002-001-2-D-2.bam",
      "aligned_index_file": "gs://fc-secure-1b1e1ff4-3496-466f-8952-12f034c3c469/bam/pacbio/GREGoR_test-002-001-2-D-2.bai"
    }
  },
  {
    "model": "experiments.aligned",
    "pk": "aligned_pac_bio.UCI_GREGoR_test-003-001-1-D-2_PB_1-Aligned_1",
    "fields": {
      "table_name": "aligned_pac_bio",
      "id_in_table": "UCI_GREGoR_test-003-001-1-D-2_PB_1-Aligned_1",
      "participant_id": "GREGoR_test-003-001-1",
      "aligned_file": "gs://fc-secure-1b1e1ff4-3496-466f-8952-12f034c3c469/bam/pacbio/GREGoR_test-003-001-1-D-2.bam",
      "aligned_index_file": "gs://fc-secure-1b1e1ff4-3496-466f-8952-12f034c3c469/bam/pacbio/GREGoR_test-003-001-1-D-2.bai"
    }
  },
  {
    "model": "experiments.aligned",
    "pk": "aligned_rna_short_read.UCI_GREGoR_test-001-001-0-R-1_RNA_1-Aligned_1",
    "fields": {
      "table_name": "aligned_rna_short_read",
      "id_in_table": "UCI_GREGoR_test-001-001-0-R-1_RNA_1-Aligned_1",
      "participant_id": "GREGoR_test-001-001-0",
      "aligned_file": "gs://fc-secure-e3641cc8-359e-4504-97ff-51d8d9580f55/cram/RNA/UCI_GREGoR_test-001-001-0-R-1_RNA_1-Aligned_1.cram",
      "aligned_index_file": "gs://fc-secure-e3641cc8-359e-4504-97ff-51d8d9580f55/cram/RNA/UCI_GREGoR_test-001-001-0-R-1_RNA_1-Aligned_1.cram.crai"
    }
  },
  {
    "model": "experiments.experimentdnashortread",
    "pk": "UCI_GREGoR_test-001-001-0-D-1_DNA_1",
    "fields": {
      "analyte_id": "GREGoR_test-001-001-0-D-1",
      "experiment_sample_id": "UCI_GREGoR_test-001-001-0-D-1_DNA_1",
      "seq_library_prep_kit_method": "IDT xGen DNA EZ library preparation, Custom 2S Turbo for Invitae",
      "read_length": 150,
      "experiment_type": "genome",
      "targeted_regions_method": "",
      "targeted_region_bed_file": "",
      "date_data_generation": "2022-12-29",
      "target_insert_size": 150,
      "sequencing_platform": "NovaSeq",
      "sequencing_event_details": ""
    }
  },
  {
    "model": "experiments.experimentdnashortread",
    "pk": "UCI_GREGoR_test-002-001-2-D-1_DNA_1",
    "fields": {
      "analyte_id": "GREGoR_test-002-001-2-D-1",
      "experiment_sample_id": "UCI_GREGoR_test-002-001-2-D-1_DNA_2",
      "seq_library_prep_kit_method": "IDT xGen DNA EZ library preparation, Custom 2S Turbo for Invitae",
      "read_length": 150,
      "experiment_type": "genome",
      "targeted_regions_method": "",
      "targeted_region_bed_file": "",
      "date_data_generation": "2022-12-29",
      "target_insert_size": 150,
      "sequencing_platform": "NovaSeq",
      "sequencing_event_details": ""
    }
  },
  {
    "model": "experiments.experimentdnashortread",
    "pk": "UCI_GREGoR_test-003-001-1-D-1_DNA_1",
    "fields": {
      "analyte_id": "GREGoR_test-003-001-1-D-1",
      "experiment_sample_id": "GREGoR_test-003-001-1-D-1_DNA_1",
      "seq_library_prep_kit_method": "IDT xGen DNA EZ library preparation, Custom 2S Turbo for Invitae",
      "read_length": 150,
      "experiment_type": "genome",
      "targeted_regions_method": "",
      "targeted_region_bed_file": "",
      "date_data_generation": "2022-09-22",
      "target_insert_size": 150,
      "sequencing_platform": "NovaSeq",
      "sequencing_event_details": ""
    }
  },
  {
    "model": "experiments.experimentdnashortread",
    "pk": "UCI_GREGoR_test-004-004-0-D-1_DNA_1",
    "fields": {
      "analyte_id": "GREGoR_test-004-004-0-D-1",
      "experiment_sample_id": "UCI_GREGoR_test-004-004-0-D-1_DNA_1",
      "seq_library_prep_kit_method": "IDT xGen DNA EZ library preparation, Custom 2S Turbo for Invitae",
      "read_length": 150,
      "experiment_type": "genome",
      "targeted_regions_method": "",
      "targeted_region_bed_file": "",
      "date_data_generation": "2022-05-03",
      "target_insert_size": 150,
      "sequencing_platform": "NovaSeq",
      "sequencing_event_details": ""
    }
  },
  {
    "model": "experiments.experimentdnashortread",
    "pk": "UCI_GREGoR_test-005-004-2-D-1_DNA_1",
    "fields": {
      "analyte_id": "GREGoR_test-005-004-2-D-1",
      "experiment_sample_id": "UCI_GREGoR_test-005-004-2-D-1_DNA_1",
      "seq_library_prep_kit_method": "IDT xGen DNA EZ library preparation, Custom 2S Turbo for Invitae",
      "read_length": 150,
      "experiment_type": "genome",
      "targeted_regions_method": "",
      "targeted_region_bed_file": "",
      "date_data_generation": "2022-05-03",
      "target_insert_size": 150,
      "sequencing_platform": "NovaSeq",
      "sequencing_event_details": ""
    }
  },
  {
    "model": "experiments.experimentdnashortread",
    "pk": "UCI_GREGoR_test-006-006-0-D-1_DNA_1",
    "fields": {
      "analyte_id": "GREGoR_test-006-006-0-D-1",
      "experiment_sample_id": "UCI_GREGoR_test-006-006-0-D-1_DNA_1",
      "seq_library_prep_kit_method": "IDT xGen DNA EZ library preparation, Custom 2S Turbo for Invitae",
      "read_length": 150,
      "experiment_type": "genome",
      "targeted_regions_method": "",
      "targeted_region_bed_file": "",
      "date_data_generation": "2022-05-03",
      "target_insert_size": 150,
      "sequencing_platform": "NovaSeq",
      "sequencing_event_details": ""
    }
  },
  {
    "model": "experiments.aligneddnashortread",
    "pk": "UCI_GREGoR_test-001-001-0-D-1_DNA_1-Aligned_1",
    "fields": {
      "experiment_dna_short_read_id": "UCI_GREGoR_test-001-001-0-D-1_DNA_1",
      "aligned_dna_short_read_file": "gs://fc-secure-3cbd4d3d-7331-46f9-a98f-ebba0a894562/cram/UCI_GREGoR_test-001-001-0-D-1_DNA_1-Aligned_1.cram",
      "aligned_dna_short_read_index_file": "gs://fc-secure-3cbd4d3d-7331-46f9-a98f-ebba0a894562/cram/UCI_GREGoR_test-001-001-0-D-1_DNA_1-Aligned_1.crai",
      "md5sum": "615fb1d2d88635b7461fd4c978bbc64a",
      "reference_assembly": "GRCh38",
      "reference_assembly_uri": "ftp://ftp.ncbi.nlm.nih.gov/genomes/all/GCA/000/001/405/GCA_000001405.15_GRCh38/seqs_for_alignment_pipelines.ucsc_ids/GCA_000001405.15_GRCh38_no_alt_analysis_set.fna.gz",
      "reference_assembly_details": "GRCh38, no alts",
      "alignment_software": "bwa 0.7.17",
      "mean_coverage": null,
      "analysis_details": "Raw reads were trimmed with fastp 0.23.2 and aligned to GRCh38 (no alts) with bwa 0.7.17. Duplicates were marked and removed with GATK 4.3.0 MarkDuplicates, and BQSR was applied. Mean depth was computed with somalier 0.2.16.",
      "quality_issues": ""
    }
  },
  {
    "model": "experiments.aligneddnashortread",
    "pk": "UCI_GREGoR_test-002-001-2-D-1_DNA_1-Aligned_1",
    "fields": {
      "experiment_dna_short_read_id": "UCI_GREGoR_test-002-001-2-D-1_DNA_1",
      "aligned_dna_short_read_file": "gs://fc-secure-3cbd4d3d-7331-46f9-a98f-ebba0a894562/cram/UCI_GREGoR_test-002-001-2-D-1_DNA_1-Aligned_1.cram",
      "aligned_dna_short_read_index_file": "gs://fc-secure-3cbd4d3d-7331-46f9-a98f-ebba0a894562/cram/UCI_GREGoR_test-002-001-2-D-1_DNA_1-Aligned_1.crai",
      "md5sum": "70754026de72938744accd00e32ea0dd",
      "reference_assembly": "GRCh38",
      "reference_assembly_uri": "ftp://ftp.ncbi.nlm.nih.gov/genomes/all/GCA/000/001/405/GCA_000001405.15_GRCh38/seqs_for_alignment_pipelines.ucsc_ids/GCA_000001405.15_GRCh38_no_alt_analysis_set.fna.gz",
      "reference_assembly_details": "GRCh38, no alts",
      "alignment_software": "bwa 0.7.17",
      "mean_coverage": null,
      "analysis_details": "Raw reads were trimmed with fastp 0.23.2 and aligned to GRCh38 (no alts) with bwa 0.7.17. Duplicates were marked and removed with GATK 4.3.0 MarkDuplicates, and BQSR was applied. Mean depth was computed with somalier 0.2.16.",
      "quality_issues": null
    }
  },
  {
    "model": "experiments.aligneddnashortread",
    "pk": "UCI_GREGoR_test-003-001-1-D-1_DNA_1-Aligned_1",
    "fields": {
      "experiment_dna_short_read_id": "UCI_GREGoR_test-003-001-1-D-1_DNA_1",
      "aligned_dna_short_read_file": "gs://fc-secure-be182c9d-e20a-43aa-b158-39113ea47705/cram/UCI_GREGoR_test-003-001-1-D-1_DNA_1-Aligned_1.cram",
      "aligned_dna_short_read_index_file": "gs://fc-secure-be182c9d-e20a-43aa-b158-39113ea47705/cram/UCI_GREGoR_test-003-001-1-D-1_DNA_1-Aligned_1.crai",
      "md5sum": "9dc8fda6c177a94aa5ae4d2c19721c3d",
      "reference_assembly": "GRCh38",
      "reference_assembly_uri": "ftp://ftp.ncbi.nlm.nih.gov/genomes/all/GCA/000/001/405/GCA_000001405.15_GRCh38/seqs_for_alignment_pipelines.ucsc_ids/GCA_000001405.15_GRCh38_no_alt_analysis_set.fna.gz",
      "reference_assembly_details": "GRCh38, no alts",
      "alignment_software": "bwa 0.7.17",
      "mean_coverage": null,
      "analysis_details": "Raw reads were trimmed with fastp 0.23.2 and aligned to GRCh38 (no alts) with bwa 0.7.17. Duplicates were marked and removed with GATK 4.3.0 MarkDuplicates, and BQSR was applied. Mean depth was computed with somalier 0.2.16.",
      "quality_issues": null
    }
  },
  {
    "model": "experiments.aligneddnashortread",
    "pk": "UCI_GREGoR_test-004-004-0-D-1_DNA_1-Aligned_1",
    "fields": {
      "experiment_dna_short_read_id": "UCI_GREGoR_test-004-004-0-D-1_DNA_1",
      "aligned_dna_short_read_file": "gs://fc-secure-be182c9d-e20a-43aa-b158-39113ea47705/cram/UCI_GREGoR_test-004-004-0-D-1_SQ6125.cram",
      "aligned_dna_short_read_index_file": "gs://fc-secure-be182c9d-e20a-43aa-b158-39113ea47705/cram/UCI_GREGoR_test-004-004-0-D-1_SQ6125.crai",
      "md5sum": "2c509adc50e9edf16bc24ed03707f252",
      "reference_assembly": "GRCh38",
      "reference_assembly_uri": "ftp://ftp.ncbi.nlm.nih.gov/genomes/all/GCA/000/001/405/GCA_000001405.15_GRCh38/seqs_for_alignment_pipelines.ucsc_ids/GCA_000001405.15_GRCh38_no_alt_analysis_set.fna.gz",
      "reference_assembly_details": "GRCh38, no alts",
      "alignment_software": "bwa 0.7.17",
      "mean_coverage": null,
      "analysis_details": "Raw reads were trimmed with fastp 0.23.2 and aligned to GRCh38 (no alts) with bwa 0.7.17. Duplicates were marked and removed with GATK 4.3.0 MarkDuplicates, and BQSR was applied. Mean depth was computed with somalier 0.2.16.",
      "quality_issues": null
    }
  },
  {
    "model": "experiments.aligneddnashortread",
    "pk": "UCI_GREGoR_test-005-004-2-D-1_DNA_1-Aligned_1",
    "fields": {
      "experiment_dna_short_read_id": "UCI_GREGoR_test-005-004-2-D-1_DNA_1",
      "aligned_dna_short_read_file": "gs://fc-secure-3cbd4d3d-7331-46f9-a98f-ebba0a894562/cram/UCI_GREGoR_test-005-004-2-D-1_DNA.cram",
      "aligned_dna_short_read_index_file": "gs://fc-secure-3cbd4d3d-7331-46f9-a98f-ebba0a894562/cram/UCI_GREGoR_test-005-004-2-D-1_DNA.crai",
      "md5sum": "19f4add867068bee89befdd359cf5b65",
      "reference_assembly": "GRCh38",
      "reference_assembly_uri": "ftp://ftp.ncbi.nlm.nih.gov/genomes/all/GCA/000/001/405/GCA_000001405.15_GRCh38/seqs_for_alignment_pipelines.ucsc_ids/GCA_000001405.15_GRCh38_no_alt_analysis_set.fna.gz",
      "reference_assembly_details": "GRCh38, no alts",
      "alignment_software": "bwa 0.7.17",
      "mean_coverage": null,
      "analysis_details": "Raw reads were trimmed with fastp 0.23.2 and aligned to GRCh38 (no alts) with bwa 0.7.17. Duplicates were marked and removed with GATK 4.3.0 MarkDuplicates, and BQSR was applied. Mean depth was computed with somalier 0.2.16.",
      "quality_issues": null
    }
  },
  {
    "model": "experiments.aligneddnashortread",
    "pk": "UCI_GREGoR_test-006-006-1-D-1_DNA_1-Aligned-1",
    "fields": {
      "experiment_dna_short_read_id": "UCI_GREGoR_test-006-006-0-D-1_DNA_1",
      "aligned_dna_short_read_file": "gs://fc-secure-be182c9d-e20a-43aa-b158-39113ea47705/cram/UCI_GREGoR_test-006-006-0-D-1_DNA_1-Aligned-1.cram",
      "aligned_dna_short_read_index_file": "gs://fc-secure-be182c9d-e20a-43aa-b158-39113ea47705/cram/UCI_GREGoR_test-006-006-0-D-1_DNA_1-Aligned-1.crai",
      "md5sum": "d40d08e98a441d285bc63cbf4797dbde",
      "reference_assembly": "GRCh38",
      "reference_assembly_uri": "ftp://ftp.ncbi.nlm.nih.gov/genomes/all/GCA/000/001/405/GCA_000001405.15_GRCh38/seqs_for_alignment_pipelines.ucsc_ids/GCA_000001405.15_GRCh38_no_alt_analysis_set.fna.gz",
      "reference_assembly_details": "GRCh38, no alts",
      "alignment_software": "bwa 0.7.17",
      "mean_coverage": null,
      "analysis_details": "Raw reads were trimmed with fastp 0.23.2 and aligned to GRCh38 (no alts) with bwa 0.7.17. Duplicates were marked and removed with GATK 4.3.0 MarkDuplicates, and BQSR was applied. Mean depth was computed with somalier 0.2.16.",
      "quality_issues": null
    }
  },
  {
    "model": "experiments.librarypreptype",
    "pk": 1,
    "fields": {
      "name": "stranded poly-A pulldown",
      "display_name": "stranded poly-A pulldown"
    }
  },
  {
    "model": "experiments.librarypreptype",
    "pk": 2,
    "fields": {
      "name": "stranded total RNA",
      "display_name": "stranded total RNA"
    }
  },
  {
    "model": "experiments.librarypreptype",
    "pk": 3,
    "fields": {
      "name": "rRNA depletion",
      "display_name": "rRNA depletion"
    }
  },
  {
    "model": "experiments.librarypreptype",
    "pk": 4,
    "fields": {
      "name": "globin depletion",
      "display_name": "globin depletion"
    }
  },
  {
    "model": "experiments.preptargetsdetail",
    "pk": 1,
    "fields": {
      "name": "Illumina Ribo-Zero Plus rRNA Depletion Kit",
      "display_name": "Illumina Ribo-Zero Plus rRNA Depletion Kit"
    }
  },
  {
    "model": "experiments.preptargetsdetail",
    "pk": 2,
    "fields": {
      "name": "NEBNext rRNA Depletion Kit v2 (Human/Mouse/Rat)",
      "display_name": "NEBNext rRNA Depletion Kit v2 (Human/Mouse/Rat)"
    }
  },
  {
    "model": "experiments.preptargetsdetail",
    "pk": 3,
    "fields": {
      "name": "NEBNext rRNA & Globin mRNA Depletion Kit (Human/Mouse/Rat)",
      "display_name": "NEBNext rRNA & Globin mRNA Depletion Kit (Human/Mouse/Rat)"
    }
  },
  {
    "model": "experiments.preptargetsdetail",
    "pk": 4,
    "fields": {
      "name": "Watchmaker Polaris Depletion",
      "display_name": "Watchmaker Polaris Depletion"
    }
  },
  {
    "model": "experiments.preptargetsdetail",
    "pk": 5,
    "fields": {
      "name": "KAPA RiboErase (HMR)",
      "display_name": "KAPA RiboErase (HMR)"
    }
  },
  {
    "model": "experiments.preptargetsdetail",
    "pk": 5,
    "fields": {
      "name": "KAPA RiboErase (HMR) Globin",
      "display_name": "KAPA RiboErase (HMR) Globin"
    }
  },
  {
    "model": "experiments.experimenttype",
    "pk": 1,
    "fields": {
      "name": "single-end",
      "display_name": "single-end"
    }
  },
  {
    "model": "experiments.experimenttype",
    "pk": 2,
    "fields": {
      "name": "paired-end",
      "display_name": "paired-end"
    }
  },
  {
    "model": "experiments.experimenttype",
    "pk": 3,
    "fields": {
      "name": "targeted",
      "display_name": "targeted"
    }
  },
  {
    "model": "experiments.experimenttype",
    "pk": 4,
    "fields": {
      "name": "untargeted",
      "display_name": "untargeted"
    }
  },
  {
    "model": "experiments.experimentrnashortread",
    "pk": "UCI_GREGoR_test-001-001-0-R-1_RNA_1",
    "fields": {
      "analyte_id": "GREGoR_test-001-001-0-R-1",
      "experiment_sample_id": "UCI_GREGoR_test-001-001-0-R-1_RNA_1",
      "seq_library_prep_kit_method": "Watchmaker ribosomal and globin depletion",
      "library_prep_type": [3, 4],
      "prep_targets_detail": [4],
      "experiment_type": [2, 4],
      "read_length": 150,
      "single_or_paired_ends": "paired-end",
      "date_data_generation": "2023-03-18",
      "sequencing_platform": "NovaSeq",
      "within_site_batch_name": "RNA 2A",
      "RIN": null,
      "estimated_library_size": null,
      "total_reads": 240349679.0
    }
  },
  {
    "model": "experiments.alignedrnashortread",
    "pk": "UCI_GREGoR_test-001-001-0-R-1_RNA_1-Aligned_1",
    "fields": {
      "experiment_rna_short_read_id": "UCI_GREGoR_test-001-001-0-R-1_RNA_1",
      "aligned_rna_short_read_file": "gs://fc-secure-e3641cc8-359e-4504-97ff-51d8d9580f55/cram/RNA/UCI_GREGoR_test-001-001-0-R-1_RNA_1-Aligned_1.cram",
      "aligned_rna_short_read_index_file": "gs://fc-secure-e3641cc8-359e-4504-97ff-51d8d9580f55/cram/RNA/UCI_GREGoR_test-001-001-0-R-1_RNA_1-Aligned_1.cram.crai",
      "md5sum": "25129ce37d1d28d765074f50e7a49660",
      "reference_assembly": "GRCh38",
      "reference_assembly_uri": "http://ftp.1000genomes.ebi.ac.uk/vol1/ftp/technical/reference/GRCh38_reference_genome/GRCh38_full_analysis_set_plus_decoy_hla.fa",
      "reference_assembly_details": null,
      "gene_annotation": "GENCODEv41",
      "gene_annotation_details": "gencode_comprehensive_chr",
      "alignment_software": "STARv2.7.10a",
      "alignment_log_file": null,
      "alignment_postprocessing": null,
      "mean_coverage": null,
      "percent_uniquely_aligned": null,
      "percent_multimapped": null,
      "percent_unaligned": null,
      "quality_issues": null,
      "alignment_QC_output_file": null,
      "percent_rRNA": null,
      "percent_mRNA": null,
      "percent_mtRNA": null,
      "percent_Globin": null,
      "percent_UMI": null,
      "five_prime_three_prime_bias": null,
      "percent_GC": null,
      "percent_chrX_Y": null
    }
  },
  {
    "model": "experiments.experimentnanopore",
    "pk": "UCI_GREGoR_test-001-001-0-D-3_NANO_1",
    "fields": {
      "analyte_id": "GREGoR_test-001-001-0-D-3",
      "experiment_sample_id": "UCI_GREGoR_test-001-001-0-D-3_NANO_1",
      "seq_library_prep_kit_method": "Kit 14",
      "fragmentation_method": null,
      "experiment_type": "genome",
      "targeted_regions_method": null,
      "targeted_region_bed_file": null,
      "date_data_generation": "2023-10-10",
      "sequencing_platform": "Oxford Nanopore PromethION 48",
      "chemistry_type": "R10.4.1",
      "was_barcoded": false,
      "barcode_kit": null
    }
  },
  {
    "model": "experiments.experimentnanopore",
    "pk": "UCI_GREGoR_test-004-004-0-D-3_NANO_1",
    "fields": {
      "analyte_id": "GREGoR_test-004-004-0-D-3",
      "experiment_sample_id": "UCI_GREGoR_test-004-004-0-D-3_NANO_1",
      "seq_library_prep_kit_method": "Kit 14",
      "fragmentation_method": null,
      "experiment_type": "genome",
      "targeted_regions_method": null,
      "targeted_region_bed_file": null,
      "date_data_generation": "2023-10-10",
      "sequencing_platform": "Oxford Nanopore PromethION 48",
      "chemistry_type": "R10.4.1",
      "was_barcoded": false,
      "barcode_kit": null
    }
  },
  {
    "model": "experiments.experimentnanopore",
    "pk": "UCI_GREGoR_test-006-006-0-D-3_NANO_1",
    "fields": {
      "analyte_id": "GREGoR_test-006-006-0-D-3",
      "experiment_sample_id": "UCI_GREGoR_test-006-006-0-D-3_NANO_1",
      "seq_library_prep_kit_method": "Kit 14",
      "fragmentation_method": null,
      "experiment_type": "genome",
      "targeted_regions_method": null,
      "targeted_region_bed_file": null,
      "date_data_generation": "2023-10-10",
      "sequencing_platform": "Oxford Nanopore PromethION 48",
      "chemistry_type": "R10.4.1",
      "was_barcoded": false,
      "barcode_kit": null
    }
  },
  {
    "model": "experiments.alignednanopore",
    "pk": "UCI_GREGoR_test-001-001-0-D-3_NANO_1-Aligned_1",
    "fields": {
      "experiment_nanopore_id": "UCI_GREGoR_test-001-001-0-D-3_NANO_1",
      "aligned_nanopore_file": "gs://fc-secure-1b1e1ff4-3496-466f-8952-12f034c3c469/bam/nanopore/GREGoR_test-001-001-0-D-3.bam",
      "aligned_nanopore_index_file": "gs://fc-secure-1b1e1ff4-3496-466f-8952-12f034c3c469/bam/nanopore/GREGoR_test-001-001-0-D-3.bai",
      "md5sum": "ddc246dee454c5b74837aba8ff44c61e",
      "reference_assembly": "GRCh38_noalt",
      "alignment_software": "Minimap2-2.23-r1111",
      "analysis_details": null,
      "mean_coverage": null,
      "genome_coverage": null,
      "contamination": null,
      "sex_concordance": null,
      "num_reads": null,
      "num_bases": null,
      "read_length_mean": null,
      "num_aligned_reads": null,
      "num_aligned_bases": null,
      "aligned_read_length_mean": null,
      "read_error_rate": null,
      "mapped_reads_pct": null,
      "methylation_called": true,
      "quality_issues": null
    }
  },
  {
    "model": "experiments.alignednanopore",
    "pk": "UCI_GREGoR_test-004-004-0-D-3_NANO_1-Aligned_1",
    "fields": {
      "experiment_nanopore_id": "UCI_GREGoR_test-004-004-0-D-3_NANO_1",
      "aligned_nanopore_file": "gs://fc-secure-1b1e1ff4-3496-466f-8952-12f034c3c469/bam/nanopore/GREGoR_test-004-004-0-D-3.bam",
      "aligned_nanopore_index_file": "gs://fc-secure-1b1e1ff4-3496-466f-8952-12f034c3c469/bam/nanopore/GREGoR_test-004-004-0-D-3.bai",
      "md5sum": "6de703ded5b577276144f38af92787b7",
      "reference_assembly": "GRCh38_noalt",
      "alignment_software": "Minimap2-2.23-r1111",
      "analysis_details": null,
      "mean_coverage": null,
      "genome_coverage": null,
      "contamination": null,
      "sex_concordance": null,
      "num_reads": null,
      "num_bases": null,
      "read_length_mean": null,
      "num_aligned_reads": null,
      "num_aligned_bases": null,
      "aligned_read_length_mean": null,
      "read_error_rate": null,
      "mapped_reads_pct": null,
      "methylation_called": true,
      "quality_issues": null
    }
  },
  {
    "model": "experiments.alignednanopore",
    "pk": "UCI_GREGoR_test-006-006-0-D-3_NANO_1-Aligned_1",
    "fields": {
      "experiment_nanopore_id": "UCI_GREGoR_test-006-006-0-D-3_NANO_1",
      "aligned_nanopore_file": "gs://fc-secure-1b1e1ff4-3496-466f-8952-12f034c3c469/bam/nanopore/GREGoR_test-006-006-0-D-3.bam",
      "aligned_nanopore_index_file": "gs://fc-secure-1b1e1ff4-3496-466f-8952-12f034c3c469/bam/nanopore/GREGoR_test-006-006-0-D-3.bai",
      "md5sum": "63d609796a14366cf80e85ff6ad283bd",
      "reference_assembly": "GRCh38_noalt",
      "alignment_software": "Minimap2-2.23-r1111",
      "analysis_details": null,
      "mean_coverage": null,
      "genome_coverage": null,
      "contamination": null,
      "sex_concordance": null,
      "num_reads": null,
      "num_bases": null,
      "read_length_mean": null,
      "num_aligned_reads": null,
      "num_aligned_bases": null,
      "aligned_read_length_mean": null,
      "read_error_rate": null,
      "mapped_reads_pct": null,
      "methylation_called": true,
      "quality_issues": null
    }
  },
  {
    "model": "experiments.experimentpacbio",
    "pk": "UCI_GREGoR_test-001-001-0-D-2_PB_1",
    "fields": {
      "analyte_id": "GREGoR_test-001-001-0-D-2",
      "experiment_sample_id": "UCI-014",
      "seq_library_prep_kit_method": "SMRTbell prep kit 3.0",
      "fragmentation_method": "",
      "experiment_type": "genome",
      "targeted_regions_method": "",
      "targeted_region_bed_file": "",
      "date_data_generation": "2023-09-29",
      "sequencing_platform": "PacBio Revio",
      "was_barcoded": true,
      "barcode_kit": "",
      "application_kit": "",
      "smrtlink_server_version": "13.0.0.207600",
      "instrument_ics_version": "13.0.1.212553",
      "size_selection_method": "",
      "library_size": "",
      "smrt_cell_kit": "",
      "smrt_cell_id": "",
      "movie_name": "",
      "polymerase_kit": "",
      "sequencing_kit": "",
      "movie_length_hours": null,
      "includes_kinetics": false,
      "includes_CpG_methylation": false,
      "by_strand": false
    }
  },
  {
    "model": "experiments.experimentpacbio",
    "pk": "UCI_GREGoR_test-002-001-2-D-2_PB_1",
    "fields": {
      "analyte_id": "GREGoR_test-002-001-2-D-2",
      "experiment_sample_id": "UCI-068",
      "seq_library_prep_kit_method": "SMRTbell prep kit 3.0",
      "fragmentation_method": "",
      "experiment_type": "genome",
      "targeted_regions_method": "",
      "targeted_region_bed_file": "",
      "date_data_generation": "2023-09-29",
      "sequencing_platform": "PacBio Revio",
      "was_barcoded": true,
      "barcode_kit": "",
      "application_kit": "",
      "smrtlink_server_version": "12.0.0.176214",
      "instrument_ics_version": "12.0.4.197734",
      "size_selection_method": "",
      "library_size": "",
      "smrt_cell_kit": "",
      "smrt_cell_id": "",
      "movie_name": "",
      "polymerase_kit": "",
      "sequencing_kit": "",
      "movie_length_hours": null,
      "includes_kinetics": false,
      "includes_CpG_methylation": false,
      "by_strand": false
    }
  },
  {
    "model": "experiments.experimentpacbio",
    "pk": "UCI_GREGoR_test-003-001-1-D-2_PB_1",
    "fields": {
      "analyte_id": "GREGoR_test-003-001-1-D-2",
      "experiment_sample_id": "UCI-056",
      "seq_library_prep_kit_method": "SMRTbell prep kit 3.0",
      "fragmentation_method": "",
      "experiment_type": "genome",
      "targeted_regions_method": "",
      "targeted_region_bed_file": "",
      "date_data_generation": "2023-09-29",
      "sequencing_platform": "PacBio Revio",
      "was_barcoded": true,
      "barcode_kit": "",
      "application_kit": "",
      "smrtlink_server_version": "12.0.0.176214",
      "instrument_ics_version": "12.0.4.197734",
      "size_selection_method": "",
      "library_size": "",
      "smrt_cell_kit": "",
      "smrt_cell_id": "",
      "movie_name": "",
      "polymerase_kit": "",
      "sequencing_kit": "",
      "movie_length_hours": null,
      "includes_kinetics": false,
      "includes_CpG_methylation": false,
      "by_strand": false
    }
  },
  {
    "model": "experiments.alignedpacbio",
    "pk": "UCI_GREGoR_test-001-001-0-D-2_PB_1-Aligned_1",
    "fields": {
      "experiment_pac_bio_id": "UCI_GREGoR_test-001-001-0-D-2_PB_1",
      "aligned_pac_bio_file": "gs://fc-secure-1b1e1ff4-3496-466f-8952-12f034c3c469/bam/pacbio/GREGoR_test-001-001-0-D-2.bam",
      "aligned_pac_bio_index_file": "gs://fc-secure-1b1e1ff4-3496-466f-8952-12f034c3c469/bam/pacbio/GREGoR_test-001-001-0-D-2.bai",
      "md5sum": "6e06cbe92700dfc5cd7ad07d7f6d3b8a",
      "reference_assembly": "GRCh38_noalt",
      "alignment_software": "pbmm2 v1.10.0",
      "analysis_details": null,
      "mean_coverage": null,
      "genome_coverage": null,
      "contamination": null,
      "sex_concordance": null,
      "num_reads": null,
      "num_bases": null,
      "read_length_mean": null,
      "num_aligned_reads": null,
      "num_aligned_bases": null,
      "aligned_read_length_mean": null,
      "read_error_rate": null,
      "mapped_reads_pct": null,
      "methylation_called": true,
      "quality_issues": null
    }
  },
  {
    "model": "experiments.alignedpacbio",
    "pk": "UCI_GREGoR_test-002-001-2-D-2_PB_1-Aligned_1",
    "fields": {
      "experiment_pac_bio_id": "UCI_GREGoR_test-002-001-2-D-2_PB_1",
      "aligned_pac_bio_file": "gs://fc-secure-1b1e1ff4-3496-466f-8952-12f034c3c469/bam/pacbio/GREGoR_test-002-001-2-D-2.bam",
      "aligned_pac_bio_index_file": "gs://fc-secure-1b1e1ff4-3496-466f-8952-12f034c3c469/bam/pacbio/GREGoR_test-002-001-2-D-2.bai",
      "md5sum": "1e4020ccca6fe9c93c64747afa59eff1",
      "reference_assembly": "GRCh38_noalt",
      "alignment_software": "pbmm2 v1.10.0",
      "analysis_details": null,
      "mean_coverage": null,
      "genome_coverage": null,
      "contamination": null,
      "sex_concordance": null,
      "num_reads": null,
      "num_bases": null,
      "read_length_mean": null,
      "num_aligned_reads": null,
      "num_aligned_bases": null,
      "aligned_read_length_mean": null,
      "read_error_rate": null,
      "mapped_reads_pct": null,
      "methylation_called": true,
      "quality_issues": null
    }
  },
  {
    "model": "experiments.alignedpacbio",
    "pk": "UCI_GREGoR_test-003-001-1-D-2_PB_1-Aligned_1",
    "fields": {
      "experiment_pac_bio_id": "UCI_GREGoR_test-003-001-1-D-2_PB_1",
      "aligned_pac_bio_file": "gs://fc-secure-1b1e1ff4-3496-466f-8952-12f034c3c469/bam/pacbio/GREGoR_test-003-001-1-D-2.bam",
      "aligned_pac_bio_index_file": "gs://fc-secure-1b1e1ff4-3496-466f-8952-12f034c3c469/bam/pacbio/GREGoR_test-003-001-1-D-2.bai",
      "md5sum": "727f9869058ef757cc3ff66503f1e036",
      "reference_assembly": "GRCh38_noalt",
      "alignment_software": "pbmm2 v1.10.0",
      "analysis_details": null,
      "mean_coverage": null,
      "genome_coverage": null,
      "contamination": null,
      "sex_concordance": null,
      "num_reads": null,
      "num_bases": null,
      "read_length_mean": null,
      "num_aligned_reads": null,
      "num_aligned_bases": null,
      "aligned_read_length_mean": null,
      "read_error_rate": null,
      "mapped_reads_pct": null,
      "methylation_called": true,
      "quality_issues": null
    }
  },
  {
    "model": "submodels.reportedrace",
    "pk": "American Indian or Alaska Native",
    "fields": {
      "description": "American Indian or Alaska Native"
    }
  },
  {
    "model": "submodels.reportedrace",
    "pk": "Asian",
    "fields": {
      "description": "Asian"
    }
  },
  {
    "model": "submodels.reportedrace",
    "pk": "Black or African American",
    "fields": {
      "description": "Black or African American"
    }
  },
  {
    "model": "submodels.reportedrace",
    "pk": "Middle Eastern or North African",
    "fields": {
      "description": "Middle Eastern or North African"
    }
  },
  {
    "model": "submodels.reportedrace",
    "pk": "Native Hawaiian or Other Pacific Islander",
    "fields": {
      "description": "Native Hawaiian or Other Pacific Islander"
    }
  },
  {
    "model": "submodels.reportedrace",
    "pk": "White",
    "fields": {
      "description": "White"
    }
  },
  {
    "model": "submodels.internalprojectid",
    "pk": "UTAortaStudy",
    "fields": {}
  },
  {
    "model": "submodels.twinid",
    "pk": "0",
    "fields": {}
  }
]
