[
    {
        "model": "admin.logentry",
        "pk": 1,
        "fields": {
            "action_time": "2025-02-17T13:40:19.238Z",
            "user": 2,
            "content_type": 15,
            "object_id": "AN5716312",
            "object_repr": "Analyte AN5716312 from participant GREGoR_test-001-001-0",
            "action_flag": 3,
            "change_message": ""
        }
    },
    {
        "model": "admin.logentry",
        "pk": 2,
        "fields": {
            "action_time": "2025-02-17T13:40:19.242Z",
            "user": 2,
            "content_type": 15,
            "object_id": "AN5716300",
            "object_repr": "Analyte AN5716300 from participant GREGoR_test-003-001-1",
            "action_flag": 3,
            "change_message": ""
        }
    },
    {
        "model": "admin.logentry",
        "pk": 3,
        "fields": {
            "action_time": "2025-02-17T13:40:19.244Z",
            "user": 2,
            "content_type": 15,
            "object_id": "AN5716288",
            "object_repr": "Analyte AN5716288 from participant GREGoR_test-002-001-2",
            "action_flag": 3,
            "change_message": ""
        }
    },
    {
        "model": "admin.logentry",
        "pk": 4,
        "fields": {
            "action_time": "2025-02-17T13:40:19.246Z",
            "user": 2,
            "content_type": 15,
            "object_id": "AN5268812",
            "object_repr": "Analyte AN5268812 from participant GREGoR_test-001-001-0",
            "action_flag": 3,
            "change_message": ""
        }
    },
    {
        "model": "admin.logentry",
        "pk": 5,
        "fields": {
            "action_time": "2025-02-17T13:40:19.248Z",
            "user": 2,
            "content_type": 15,
            "object_id": "AN5268811",
            "object_repr": "Analyte AN5268811 from participant GREGoR_test-002-001-2",
            "action_flag": 3,
            "change_message": ""
        }
    },
    {
        "model": "admin.logentry",
        "pk": 6,
        "fields": {
            "action_time": "2025-02-17T13:40:19.250Z",
            "user": 2,
            "content_type": 15,
            "object_id": "AN5268810",
            "object_repr": "Analyte AN5268810 from participant GREGoR_test-003-001-1",
            "action_flag": 3,
            "change_message": ""
        }
    },
    {
        "model": "admin.logentry",
        "pk": 7,
        "fields": {
            "action_time": "2025-02-18T15:41:11.121Z",
            "user": 2,
            "content_type": 15,
            "object_id": "UCI_GREGoR_test-001-002-0-R-2_PB",
            "object_repr": "Analyte UCI_GREGoR_test-001-002-0-R-2_PB from participant GREGoR_test-002-002-2",
            "action_flag": 3,
            "change_message": ""
        }
    },
    {
        "model": "admin.logentry",
        "pk": 8,
        "fields": {
            "action_time": "2025-02-18T15:41:11.124Z",
            "user": 2,
            "content_type": 15,
            "object_id": "GREGoR_test-003-002-1-R-2",
            "object_repr": "Analyte GREGoR_test-003-002-1-R-2 from participant GREGoR_test-003-002-1",
            "action_flag": 3,
            "change_message": ""
        }
    },
    {
        "model": "admin.logentry",
        "pk": 9,
        "fields": {
            "action_time": "2025-02-18T15:41:11.126Z",
            "user": 2,
            "content_type": 15,
            "object_id": "GREGoR_test-003-002-1-R-1",
            "object_repr": "Analyte GREGoR_test-003-002-1-R-1 from participant GREGoR_test-003-002-1",
            "action_flag": 3,
            "change_message": ""
        }
    },
    {
        "model": "admin.logentry",
        "pk": 10,
        "fields": {
            "action_time": "2025-02-18T15:41:11.127Z",
            "user": 2,
            "content_type": 15,
            "object_id": "GREGoR_test-002-002-2-R-1",
            "object_repr": "Analyte GREGoR_test-002-002-2-R-1 from participant GREGoR_test-002-002-2",
            "action_flag": 3,
            "change_message": ""
        }
    },
    {
        "model": "admin.logentry",
        "pk": 11,
        "fields": {
            "action_time": "2025-02-18T15:41:11.129Z",
            "user": 2,
            "content_type": 15,
            "object_id": "GREGoR_test-001-002-0.PB",
            "object_repr": "Analyte GREGoR_test-001-002-0.PB from participant GREGoR_test-001-002-0",
            "action_flag": 3,
            "change_message": ""
        }
    },
    {
        "model": "admin.logentry",
        "pk": 12,
        "fields": {
            "action_time": "2025-02-18T15:41:11.130Z",
            "user": 2,
            "content_type": 15,
            "object_id": "GREGoR_test-001-002-0-R-1",
            "object_repr": "Analyte GREGoR_test-001-002-0-R-1 from participant GREGoR_test-001-002-0",
            "action_flag": 3,
            "change_message": ""
        }
    },
    {
        "model": "admin.logentry",
        "pk": 13,
        "fields": {
            "action_time": "2025-02-18T15:48:52.952Z",
            "user": 2,
            "content_type": 18,
            "object_id": "UCI_GREGoR_test-003-002-1-R-1_DNA_1",
            "object_repr": "ExperimentDNAShortRead object (UCI_GREGoR_test-003-002-1-R-1_DNA_1)",
            "action_flag": 3,
            "change_message": ""
        }
    },
    {
        "model": "admin.logentry",
        "pk": 14,
        "fields": {
            "action_time": "2025-02-18T15:48:52.955Z",
            "user": 2,
            "content_type": 18,
            "object_id": "UCI_GREGoR_test-002-002-2-R-1_DNA_1",
            "object_repr": "ExperimentDNAShortRead object (UCI_GREGoR_test-002-002-2-R-1_DNA_1)",
            "action_flag": 3,
            "change_message": ""
        }
    },
    {
        "model": "admin.logentry",
        "pk": 15,
        "fields": {
            "action_time": "2025-02-18T15:48:52.956Z",
            "user": 2,
            "content_type": 18,
            "object_id": "UCI_GREGoR_test-001-002-0-R-1_DNA_1-Aligned-1",
            "object_repr": "ExperimentDNAShortRead object (UCI_GREGoR_test-001-002-0-R-1_DNA_1-Aligned-1)",
            "action_flag": 3,
            "change_message": ""
        }
    },
    {
        "model": "admin.logentry",
        "pk": 16,
        "fields": {
            "action_time": "2025-02-18T15:49:10.859Z",
            "user": 2,
            "content_type": 16,
            "object_id": "experiment_dna_short_read.UCI_GREGoR_test-003-002-1-R-1_DNA_1",
            "object_repr": "experiment_dna_short_read - experiment_dna_short_read.UCI_GREGoR_test-003-002-1-R-1_DNA_1",
            "action_flag": 3,
            "change_message": ""
        }
    },
    {
        "model": "admin.logentry",
        "pk": 17,
        "fields": {
            "action_time": "2025-02-18T15:49:10.862Z",
            "user": 2,
            "content_type": 16,
            "object_id": "experiment_dna_short_read.UCI_GREGoR_test-002-002-2-R-1_DNA_1",
            "object_repr": "experiment_dna_short_read - experiment_dna_short_read.UCI_GREGoR_test-002-002-2-R-1_DNA_1",
            "action_flag": 3,
            "change_message": ""
        }
    },
    {
        "model": "admin.logentry",
        "pk": 18,
        "fields": {
            "action_time": "2025-02-18T15:49:10.864Z",
            "user": 2,
            "content_type": 16,
            "object_id": "experiment_dna_short_read.UCI_GREGoR_test-001-002-0-R-1_DNA_1-Aligned-1",
            "object_repr": "experiment_dna_short_read - experiment_dna_short_read.UCI_GREGoR_test-001-002-0-R-1_DNA_1-Aligned-1",
            "action_flag": 3,
            "change_message": ""
        }
    },
    {
        "model": "admin.logentry",
        "pk": 19,
        "fields": {
            "action_time": "2025-02-18T15:49:28.897Z",
            "user": 2,
            "content_type": 17,
            "object_id": "aligned_dna_short_read.UCI_GREGoR_test-001-002-0-R-1_DNA_1-Aligned-1",
            "object_repr": "aligned_dna_short_read.UCI_GREGoR_test-001-002-0-R-1_DNA_1-Aligned-1",
            "action_flag": 3,
            "change_message": ""
        }
    },
    {
        "model": "admin.logentry",
        "pk": 20,
        "fields": {
            "action_time": "2025-02-18T16:05:38.711Z",
            "user": 2,
            "content_type": 13,
            "object_id": "e9c5b205c5ce7c98",
            "object_repr": "GREGoR_test-001-001-0 - HP:0000729",
            "action_flag": 3,
            "change_message": ""
        }
    },
    {
        "model": "admin.logentry",
        "pk": 21,
        "fields": {
            "action_time": "2025-02-18T16:05:38.713Z",
            "user": 2,
            "content_type": 13,
            "object_id": "dbfdb6eb9ab8fc63",
            "object_repr": "GREGoR_test-001-001-0 - HP:0008936",
            "action_flag": 3,
            "change_message": ""
        }
    },
    {
        "model": "admin.logentry",
        "pk": 22,
        "fields": {
            "action_time": "2025-02-18T16:05:38.714Z",
            "user": 2,
            "content_type": 13,
            "object_id": "ccd5a01c81f7ed84",
            "object_repr": "GREGoR_test-001-001-0 - HP:0001324",
            "action_flag": 3,
            "change_message": ""
        }
    },
    {
        "model": "admin.logentry",
        "pk": 23,
        "fields": {
            "action_time": "2025-02-18T16:05:38.716Z",
            "user": 2,
            "content_type": 13,
            "object_id": "9c46976ef2fe1b1c",
            "object_repr": "GREGoR_test-003-001-1 - HP:0032322",
            "action_flag": 3,
            "change_message": ""
        }
    },
    {
        "model": "admin.logentry",
        "pk": 24,
        "fields": {
            "action_time": "2025-02-18T16:05:38.717Z",
            "user": 2,
            "content_type": 13,
            "object_id": "9249bfeccc31116c",
            "object_repr": "GREGoR_test-001-001-0 - HP:0001260",
            "action_flag": 3,
            "change_message": ""
        }
    },
    {
        "model": "admin.logentry",
        "pk": 25,
        "fields": {
            "action_time": "2025-02-18T16:05:38.718Z",
            "user": 2,
            "content_type": 13,
            "object_id": "8a4926d13cf861c4",
            "object_repr": "GREGoR_test-001-001-0 - HP:0000733",
            "action_flag": 3,
            "change_message": ""
        }
    },
    {
        "model": "admin.logentry",
        "pk": 26,
        "fields": {
            "action_time": "2025-02-18T16:05:38.719Z",
            "user": 2,
            "content_type": 13,
            "object_id": "8255b7260a977c0d",
            "object_repr": "GREGoR_test-002-001-2 - HP:0002076",
            "action_flag": 3,
            "change_message": ""
        }
    },
    {
        "model": "admin.logentry",
        "pk": 27,
        "fields": {
            "action_time": "2025-02-18T16:05:38.721Z",
            "user": 2,
            "content_type": 13,
            "object_id": "53f1289ad568d9d7",
            "object_repr": "GREGoR_test-001-001-0 - HP:0002194",
            "action_flag": 3,
            "change_message": ""
        }
    },
    {
        "model": "admin.logentry",
        "pk": 28,
        "fields": {
            "action_time": "2025-02-18T17:39:58.660Z",
            "user": 2,
            "content_type": 16,
            "object_id": "experiment_dna_short_read.UCI_GREGoR_test-003-003-2_DNA",
            "object_repr": "experiment_dna_short_read - experiment_dna_short_read.UCI_GREGoR_test-003-003-2_DNA",
            "action_flag": 3,
            "change_message": ""
        }
    },
    {
        "model": "admin.logentry",
        "pk": 29,
        "fields": {
            "action_time": "2025-02-18T17:39:58.663Z",
            "user": 2,
            "content_type": 16,
            "object_id": "experiment_dna_short_read.UCI_GREGoR_test-002-003-1_DNA",
            "object_repr": "experiment_dna_short_read - experiment_dna_short_read.UCI_GREGoR_test-002-003-1_DNA",
            "action_flag": 3,
            "change_message": ""
        }
    },
    {
        "model": "admin.logentry",
        "pk": 30,
        "fields": {
            "action_time": "2025-02-18T17:39:58.664Z",
            "user": 2,
            "content_type": 16,
            "object_id": "experiment_dna_short_read.UCI_GREGoR_test-001-003-0_DNA",
            "object_repr": "experiment_dna_short_read - experiment_dna_short_read.UCI_GREGoR_test-001-003-0_DNA",
            "action_flag": 3,
            "change_message": ""
        }
    },
    {
        "model": "admin.logentry",
        "pk": 31,
        "fields": {
            "action_time": "2025-02-18T17:40:54.839Z",
            "user": 2,
            "content_type": 19,
            "object_id": "UCI_GREGoR_test-001-001-0-R-1_DNA_1-Aligned-1",
            "object_repr": "UCI_GREGoR_test-001-001-0-R-1_DNA_1-Aligned-1",
            "action_flag": 2,
            "change_message": "[{\"changed\": {\"fields\": [\"Aligned dna short read id\", \"Md5sum\"]}}]"
        }
    },
    {
        "model": "admin.logentry",
        "pk": 32,
        "fields": {
            "action_time": "2025-02-18T17:41:04.153Z",
            "user": 2,
            "content_type": 19,
            "object_id": "UCI_GREGoR_test-001-001-0-R-1_DNA-Aligned-1",
            "object_repr": "UCI_GREGoR_test-001-001-0-R-1_DNA-Aligned-1",
            "action_flag": 3,
            "change_message": ""
        }
    },
    {
        "model": "admin.logentry",
        "pk": 33,
        "fields": {
            "action_time": "2025-02-18T17:41:20.900Z",
            "user": 2,
            "content_type": 19,
            "object_id": "UCI_GREGoR_test-001-001-0-R-1_DNA_1-Aligned-1",
            "object_repr": "UCI_GREGoR_test-001-001-0-R-1_DNA_1-Aligned-1",
            "action_flag": 2,
            "change_message": "[{\"changed\": {\"fields\": [\"Md5sum\"]}}]"
        }
    },
    {
        "model": "auth.permission",
        "pk": 1,
        "fields": {
            "name": "Can add log entry",
            "content_type": 1,
            "codename": "add_logentry"
        }
    },
    {
        "model": "auth.permission",
        "pk": 2,
        "fields": {
            "name": "Can change log entry",
            "content_type": 1,
            "codename": "change_logentry"
        }
    },
    {
        "model": "auth.permission",
        "pk": 3,
        "fields": {
            "name": "Can delete log entry",
            "content_type": 1,
            "codename": "delete_logentry"
        }
    },
    {
        "model": "auth.permission",
        "pk": 4,
        "fields": {
            "name": "Can view log entry",
            "content_type": 1,
            "codename": "view_logentry"
        }
    },
    {
        "model": "auth.permission",
        "pk": 5,
        "fields": {
            "name": "Can add permission",
            "content_type": 2,
            "codename": "add_permission"
        }
    },
    {
        "model": "auth.permission",
        "pk": 6,
        "fields": {
            "name": "Can change permission",
            "content_type": 2,
            "codename": "change_permission"
        }
    },
    {
        "model": "auth.permission",
        "pk": 7,
        "fields": {
            "name": "Can delete permission",
            "content_type": 2,
            "codename": "delete_permission"
        }
    },
    {
        "model": "auth.permission",
        "pk": 8,
        "fields": {
            "name": "Can view permission",
            "content_type": 2,
            "codename": "view_permission"
        }
    },
    {
        "model": "auth.permission",
        "pk": 9,
        "fields": {
            "name": "Can add group",
            "content_type": 3,
            "codename": "add_group"
        }
    },
    {
        "model": "auth.permission",
        "pk": 10,
        "fields": {
            "name": "Can change group",
            "content_type": 3,
            "codename": "change_group"
        }
    },
    {
        "model": "auth.permission",
        "pk": 11,
        "fields": {
            "name": "Can delete group",
            "content_type": 3,
            "codename": "delete_group"
        }
    },
    {
        "model": "auth.permission",
        "pk": 12,
        "fields": {
            "name": "Can view group",
            "content_type": 3,
            "codename": "view_group"
        }
    },
    {
        "model": "auth.permission",
        "pk": 13,
        "fields": {
            "name": "Can add user",
            "content_type": 4,
            "codename": "add_user"
        }
    },
    {
        "model": "auth.permission",
        "pk": 14,
        "fields": {
            "name": "Can change user",
            "content_type": 4,
            "codename": "change_user"
        }
    },
    {
        "model": "auth.permission",
        "pk": 15,
        "fields": {
            "name": "Can delete user",
            "content_type": 4,
            "codename": "delete_user"
        }
    },
    {
        "model": "auth.permission",
        "pk": 16,
        "fields": {
            "name": "Can view user",
            "content_type": 4,
            "codename": "view_user"
        }
    },
    {
        "model": "auth.permission",
        "pk": 17,
        "fields": {
            "name": "Can add content type",
            "content_type": 5,
            "codename": "add_contenttype"
        }
    },
    {
        "model": "auth.permission",
        "pk": 18,
        "fields": {
            "name": "Can change content type",
            "content_type": 5,
            "codename": "change_contenttype"
        }
    },
    {
        "model": "auth.permission",
        "pk": 19,
        "fields": {
            "name": "Can delete content type",
            "content_type": 5,
            "codename": "delete_contenttype"
        }
    },
    {
        "model": "auth.permission",
        "pk": 20,
        "fields": {
            "name": "Can view content type",
            "content_type": 5,
            "codename": "view_contenttype"
        }
    },
    {
        "model": "auth.permission",
        "pk": 21,
        "fields": {
            "name": "Can add session",
            "content_type": 6,
            "codename": "add_session"
        }
    },
    {
        "model": "auth.permission",
        "pk": 22,
        "fields": {
            "name": "Can change session",
            "content_type": 6,
            "codename": "change_session"
        }
    },
    {
        "model": "auth.permission",
        "pk": 23,
        "fields": {
            "name": "Can delete session",
            "content_type": 6,
            "codename": "delete_session"
        }
    },
    {
        "model": "auth.permission",
        "pk": 24,
        "fields": {
            "name": "Can view session",
            "content_type": 6,
            "codename": "view_session"
        }
    },
    {
        "model": "auth.permission",
        "pk": 25,
        "fields": {
            "name": "Can add Token",
            "content_type": 7,
            "codename": "add_token"
        }
    },
    {
        "model": "auth.permission",
        "pk": 26,
        "fields": {
            "name": "Can change Token",
            "content_type": 7,
            "codename": "change_token"
        }
    },
    {
        "model": "auth.permission",
        "pk": 27,
        "fields": {
            "name": "Can delete Token",
            "content_type": 7,
            "codename": "delete_token"
        }
    },
    {
        "model": "auth.permission",
        "pk": 28,
        "fields": {
            "name": "Can view Token",
            "content_type": 7,
            "codename": "view_token"
        }
    },
    {
        "model": "auth.permission",
        "pk": 29,
        "fields": {
            "name": "Can add token",
            "content_type": 8,
            "codename": "add_tokenproxy"
        }
    },
    {
        "model": "auth.permission",
        "pk": 30,
        "fields": {
            "name": "Can change token",
            "content_type": 8,
            "codename": "change_tokenproxy"
        }
    },
    {
        "model": "auth.permission",
        "pk": 31,
        "fields": {
            "name": "Can delete token",
            "content_type": 8,
            "codename": "delete_tokenproxy"
        }
    },
    {
        "model": "auth.permission",
        "pk": 32,
        "fields": {
            "name": "Can view token",
            "content_type": 8,
            "codename": "view_tokenproxy"
        }
    },
    {
        "model": "auth.permission",
        "pk": 33,
        "fields": {
            "name": "Can add outstanding token",
            "content_type": 9,
            "codename": "add_outstandingtoken"
        }
    },
    {
        "model": "auth.permission",
        "pk": 34,
        "fields": {
            "name": "Can change outstanding token",
            "content_type": 9,
            "codename": "change_outstandingtoken"
        }
    },
    {
        "model": "auth.permission",
        "pk": 35,
        "fields": {
            "name": "Can delete outstanding token",
            "content_type": 9,
            "codename": "delete_outstandingtoken"
        }
    },
    {
        "model": "auth.permission",
        "pk": 36,
        "fields": {
            "name": "Can view outstanding token",
            "content_type": 9,
            "codename": "view_outstandingtoken"
        }
    },
    {
        "model": "auth.permission",
        "pk": 37,
        "fields": {
            "name": "Can add blacklisted token",
            "content_type": 10,
            "codename": "add_blacklistedtoken"
        }
    },
    {
        "model": "auth.permission",
        "pk": 38,
        "fields": {
            "name": "Can change blacklisted token",
            "content_type": 10,
            "codename": "change_blacklistedtoken"
        }
    },
    {
        "model": "auth.permission",
        "pk": 39,
        "fields": {
            "name": "Can delete blacklisted token",
            "content_type": 10,
            "codename": "delete_blacklistedtoken"
        }
    },
    {
        "model": "auth.permission",
        "pk": 40,
        "fields": {
            "name": "Can view blacklisted token",
            "content_type": 10,
            "codename": "view_blacklistedtoken"
        }
    },
    {
        "model": "auth.permission",
        "pk": 41,
        "fields": {
            "name": "Can add family",
            "content_type": 11,
            "codename": "add_family"
        }
    },
    {
        "model": "auth.permission",
        "pk": 42,
        "fields": {
            "name": "Can change family",
            "content_type": 11,
            "codename": "change_family"
        }
    },
    {
        "model": "auth.permission",
        "pk": 43,
        "fields": {
            "name": "Can delete family",
            "content_type": 11,
            "codename": "delete_family"
        }
    },
    {
        "model": "auth.permission",
        "pk": 44,
        "fields": {
            "name": "Can view family",
            "content_type": 11,
            "codename": "view_family"
        }
    },
    {
        "model": "auth.permission",
        "pk": 45,
        "fields": {
            "name": "Can add participant",
            "content_type": 12,
            "codename": "add_participant"
        }
    },
    {
        "model": "auth.permission",
        "pk": 46,
        "fields": {
            "name": "Can change participant",
            "content_type": 12,
            "codename": "change_participant"
        }
    },
    {
        "model": "auth.permission",
        "pk": 47,
        "fields": {
            "name": "Can delete participant",
            "content_type": 12,
            "codename": "delete_participant"
        }
    },
    {
        "model": "auth.permission",
        "pk": 48,
        "fields": {
            "name": "Can view participant",
            "content_type": 12,
            "codename": "view_participant"
        }
    },
    {
        "model": "auth.permission",
        "pk": 49,
        "fields": {
            "name": "Can add phenotype",
            "content_type": 13,
            "codename": "add_phenotype"
        }
    },
    {
        "model": "auth.permission",
        "pk": 50,
        "fields": {
            "name": "Can change phenotype",
            "content_type": 13,
            "codename": "change_phenotype"
        }
    },
    {
        "model": "auth.permission",
        "pk": 51,
        "fields": {
            "name": "Can delete phenotype",
            "content_type": 13,
            "codename": "delete_phenotype"
        }
    },
    {
        "model": "auth.permission",
        "pk": 52,
        "fields": {
            "name": "Can view phenotype",
            "content_type": 13,
            "codename": "view_phenotype"
        }
    },
    {
        "model": "auth.permission",
        "pk": 53,
        "fields": {
            "name": "Can add genetic findings",
            "content_type": 14,
            "codename": "add_geneticfindings"
        }
    },
    {
        "model": "auth.permission",
        "pk": 54,
        "fields": {
            "name": "Can change genetic findings",
            "content_type": 14,
            "codename": "change_geneticfindings"
        }
    },
    {
        "model": "auth.permission",
        "pk": 55,
        "fields": {
            "name": "Can delete genetic findings",
            "content_type": 14,
            "codename": "delete_geneticfindings"
        }
    },
    {
        "model": "auth.permission",
        "pk": 56,
        "fields": {
            "name": "Can view genetic findings",
            "content_type": 14,
            "codename": "view_geneticfindings"
        }
    },
    {
        "model": "auth.permission",
        "pk": 57,
        "fields": {
            "name": "Can add analyte",
            "content_type": 15,
            "codename": "add_analyte"
        }
    },
    {
        "model": "auth.permission",
        "pk": 58,
        "fields": {
            "name": "Can change analyte",
            "content_type": 15,
            "codename": "change_analyte"
        }
    },
    {
        "model": "auth.permission",
        "pk": 59,
        "fields": {
            "name": "Can delete analyte",
            "content_type": 15,
            "codename": "delete_analyte"
        }
    },
    {
        "model": "auth.permission",
        "pk": 60,
        "fields": {
            "name": "Can view analyte",
            "content_type": 15,
            "codename": "view_analyte"
        }
    },
    {
        "model": "auth.permission",
        "pk": 61,
        "fields": {
            "name": "Can add experiment",
            "content_type": 16,
            "codename": "add_experiment"
        }
    },
    {
        "model": "auth.permission",
        "pk": 62,
        "fields": {
            "name": "Can change experiment",
            "content_type": 16,
            "codename": "change_experiment"
        }
    },
    {
        "model": "auth.permission",
        "pk": 63,
        "fields": {
            "name": "Can delete experiment",
            "content_type": 16,
            "codename": "delete_experiment"
        }
    },
    {
        "model": "auth.permission",
        "pk": 64,
        "fields": {
            "name": "Can view experiment",
            "content_type": 16,
            "codename": "view_experiment"
        }
    },
    {
        "model": "auth.permission",
        "pk": 65,
        "fields": {
            "name": "Can add aligned",
            "content_type": 17,
            "codename": "add_aligned"
        }
    },
    {
        "model": "auth.permission",
        "pk": 66,
        "fields": {
            "name": "Can change aligned",
            "content_type": 17,
            "codename": "change_aligned"
        }
    },
    {
        "model": "auth.permission",
        "pk": 67,
        "fields": {
            "name": "Can delete aligned",
            "content_type": 17,
            "codename": "delete_aligned"
        }
    },
    {
        "model": "auth.permission",
        "pk": 68,
        "fields": {
            "name": "Can view aligned",
            "content_type": 17,
            "codename": "view_aligned"
        }
    },
    {
        "model": "auth.permission",
        "pk": 69,
        "fields": {
            "name": "Can add experiment dna short read",
            "content_type": 18,
            "codename": "add_experimentdnashortread"
        }
    },
    {
        "model": "auth.permission",
        "pk": 70,
        "fields": {
            "name": "Can change experiment dna short read",
            "content_type": 18,
            "codename": "change_experimentdnashortread"
        }
    },
    {
        "model": "auth.permission",
        "pk": 71,
        "fields": {
            "name": "Can delete experiment dna short read",
            "content_type": 18,
            "codename": "delete_experimentdnashortread"
        }
    },
    {
        "model": "auth.permission",
        "pk": 72,
        "fields": {
            "name": "Can view experiment dna short read",
            "content_type": 18,
            "codename": "view_experimentdnashortread"
        }
    },
    {
        "model": "auth.permission",
        "pk": 73,
        "fields": {
            "name": "Can add Aligned DNA Short Read",
            "content_type": 19,
            "codename": "add_aligneddnashortread"
        }
    },
    {
        "model": "auth.permission",
        "pk": 74,
        "fields": {
            "name": "Can change Aligned DNA Short Read",
            "content_type": 19,
            "codename": "change_aligneddnashortread"
        }
    },
    {
        "model": "auth.permission",
        "pk": 75,
        "fields": {
            "name": "Can delete Aligned DNA Short Read",
            "content_type": 19,
            "codename": "delete_aligneddnashortread"
        }
    },
    {
        "model": "auth.permission",
        "pk": 76,
        "fields": {
            "name": "Can view Aligned DNA Short Read",
            "content_type": 19,
            "codename": "view_aligneddnashortread"
        }
    },
    {
        "model": "auth.permission",
        "pk": 77,
        "fields": {
            "name": "Can add aligned dna short read set",
            "content_type": 20,
            "codename": "add_aligneddnashortreadset"
        }
    },
    {
        "model": "auth.permission",
        "pk": 78,
        "fields": {
            "name": "Can change aligned dna short read set",
            "content_type": 20,
            "codename": "change_aligneddnashortreadset"
        }
    },
    {
        "model": "auth.permission",
        "pk": 79,
        "fields": {
            "name": "Can delete aligned dna short read set",
            "content_type": 20,
            "codename": "delete_aligneddnashortreadset"
        }
    },
    {
        "model": "auth.permission",
        "pk": 80,
        "fields": {
            "name": "Can view aligned dna short read set",
            "content_type": 20,
            "codename": "view_aligneddnashortreadset"
        }
    },
    {
        "model": "auth.permission",
        "pk": 81,
        "fields": {
            "name": "Can add called variants dna short read",
            "content_type": 21,
            "codename": "add_calledvariantsdnashortread"
        }
    },
    {
        "model": "auth.permission",
        "pk": 82,
        "fields": {
            "name": "Can change called variants dna short read",
            "content_type": 21,
            "codename": "change_calledvariantsdnashortread"
        }
    },
    {
        "model": "auth.permission",
        "pk": 83,
        "fields": {
            "name": "Can delete called variants dna short read",
            "content_type": 21,
            "codename": "delete_calledvariantsdnashortread"
        }
    },
    {
        "model": "auth.permission",
        "pk": 84,
        "fields": {
            "name": "Can view called variants dna short read",
            "content_type": 21,
            "codename": "view_calledvariantsdnashortread"
        }
    },
    {
        "model": "auth.permission",
        "pk": 85,
        "fields": {
            "name": "Can add library prep type",
            "content_type": 22,
            "codename": "add_librarypreptype"
        }
    },
    {
        "model": "auth.permission",
        "pk": 86,
        "fields": {
            "name": "Can change library prep type",
            "content_type": 22,
            "codename": "change_librarypreptype"
        }
    },
    {
        "model": "auth.permission",
        "pk": 87,
        "fields": {
            "name": "Can delete library prep type",
            "content_type": 22,
            "codename": "delete_librarypreptype"
        }
    },
    {
        "model": "auth.permission",
        "pk": 88,
        "fields": {
            "name": "Can view library prep type",
            "content_type": 22,
            "codename": "view_librarypreptype"
        }
    },
    {
        "model": "auth.permission",
        "pk": 89,
        "fields": {
            "name": "Can add experiment type",
            "content_type": 23,
            "codename": "add_experimenttype"
        }
    },
    {
        "model": "auth.permission",
        "pk": 90,
        "fields": {
            "name": "Can change experiment type",
            "content_type": 23,
            "codename": "change_experimenttype"
        }
    },
    {
        "model": "auth.permission",
        "pk": 91,
        "fields": {
            "name": "Can delete experiment type",
            "content_type": 23,
            "codename": "delete_experimenttype"
        }
    },
    {
        "model": "auth.permission",
        "pk": 92,
        "fields": {
            "name": "Can view experiment type",
            "content_type": 23,
            "codename": "view_experimenttype"
        }
    },
    {
        "model": "auth.permission",
        "pk": 93,
        "fields": {
            "name": "Can add experiment rna short read",
            "content_type": 24,
            "codename": "add_experimentrnashortread"
        }
    },
    {
        "model": "auth.permission",
        "pk": 94,
        "fields": {
            "name": "Can change experiment rna short read",
            "content_type": 24,
            "codename": "change_experimentrnashortread"
        }
    },
    {
        "model": "auth.permission",
        "pk": 95,
        "fields": {
            "name": "Can delete experiment rna short read",
            "content_type": 24,
            "codename": "delete_experimentrnashortread"
        }
    },
    {
        "model": "auth.permission",
        "pk": 96,
        "fields": {
            "name": "Can view experiment rna short read",
            "content_type": 24,
            "codename": "view_experimentrnashortread"
        }
    },
    {
        "model": "auth.permission",
        "pk": 97,
        "fields": {
            "name": "Can add aligned rna short read",
            "content_type": 25,
            "codename": "add_alignedrnashortread"
        }
    },
    {
        "model": "auth.permission",
        "pk": 98,
        "fields": {
            "name": "Can change aligned rna short read",
            "content_type": 25,
            "codename": "change_alignedrnashortread"
        }
    },
    {
        "model": "auth.permission",
        "pk": 99,
        "fields": {
            "name": "Can delete aligned rna short read",
            "content_type": 25,
            "codename": "delete_alignedrnashortread"
        }
    },
    {
        "model": "auth.permission",
        "pk": 100,
        "fields": {
            "name": "Can view aligned rna short read",
            "content_type": 25,
            "codename": "view_alignedrnashortread"
        }
    },
    {
        "model": "auth.permission",
        "pk": 101,
        "fields": {
            "name": "Can add experiment nanopore",
            "content_type": 26,
            "codename": "add_experimentnanopore"
        }
    },
    {
        "model": "auth.permission",
        "pk": 102,
        "fields": {
            "name": "Can change experiment nanopore",
            "content_type": 26,
            "codename": "change_experimentnanopore"
        }
    },
    {
        "model": "auth.permission",
        "pk": 103,
        "fields": {
            "name": "Can delete experiment nanopore",
            "content_type": 26,
            "codename": "delete_experimentnanopore"
        }
    },
    {
        "model": "auth.permission",
        "pk": 104,
        "fields": {
            "name": "Can view experiment nanopore",
            "content_type": 26,
            "codename": "view_experimentnanopore"
        }
    },
    {
        "model": "auth.permission",
        "pk": 105,
        "fields": {
            "name": "Can add aligned nanopore",
            "content_type": 27,
            "codename": "add_alignednanopore"
        }
    },
    {
        "model": "auth.permission",
        "pk": 106,
        "fields": {
            "name": "Can change aligned nanopore",
            "content_type": 27,
            "codename": "change_alignednanopore"
        }
    },
    {
        "model": "auth.permission",
        "pk": 107,
        "fields": {
            "name": "Can delete aligned nanopore",
            "content_type": 27,
            "codename": "delete_alignednanopore"
        }
    },
    {
        "model": "auth.permission",
        "pk": 108,
        "fields": {
            "name": "Can view aligned nanopore",
            "content_type": 27,
            "codename": "view_alignednanopore"
        }
    },
    {
        "model": "auth.permission",
        "pk": 109,
        "fields": {
            "name": "Can add aligned nanopore set",
            "content_type": 28,
            "codename": "add_alignednanoporeset"
        }
    },
    {
        "model": "auth.permission",
        "pk": 110,
        "fields": {
            "name": "Can change aligned nanopore set",
            "content_type": 28,
            "codename": "change_alignednanoporeset"
        }
    },
    {
        "model": "auth.permission",
        "pk": 111,
        "fields": {
            "name": "Can delete aligned nanopore set",
            "content_type": 28,
            "codename": "delete_alignednanoporeset"
        }
    },
    {
        "model": "auth.permission",
        "pk": 112,
        "fields": {
            "name": "Can view aligned nanopore set",
            "content_type": 28,
            "codename": "view_alignednanoporeset"
        }
    },
    {
        "model": "auth.permission",
        "pk": 113,
        "fields": {
            "name": "Can add called variants nanopore",
            "content_type": 29,
            "codename": "add_calledvariantsnanopore"
        }
    },
    {
        "model": "auth.permission",
        "pk": 114,
        "fields": {
            "name": "Can change called variants nanopore",
            "content_type": 29,
            "codename": "change_calledvariantsnanopore"
        }
    },
    {
        "model": "auth.permission",
        "pk": 115,
        "fields": {
            "name": "Can delete called variants nanopore",
            "content_type": 29,
            "codename": "delete_calledvariantsnanopore"
        }
    },
    {
        "model": "auth.permission",
        "pk": 116,
        "fields": {
            "name": "Can view called variants nanopore",
            "content_type": 29,
            "codename": "view_calledvariantsnanopore"
        }
    },
    {
        "model": "auth.permission",
        "pk": 117,
        "fields": {
            "name": "Can add experiment pac bio",
            "content_type": 30,
            "codename": "add_experimentpacbio"
        }
    },
    {
        "model": "auth.permission",
        "pk": 118,
        "fields": {
            "name": "Can change experiment pac bio",
            "content_type": 30,
            "codename": "change_experimentpacbio"
        }
    },
    {
        "model": "auth.permission",
        "pk": 119,
        "fields": {
            "name": "Can delete experiment pac bio",
            "content_type": 30,
            "codename": "delete_experimentpacbio"
        }
    },
    {
        "model": "auth.permission",
        "pk": 120,
        "fields": {
            "name": "Can view experiment pac bio",
            "content_type": 30,
            "codename": "view_experimentpacbio"
        }
    },
    {
        "model": "auth.permission",
        "pk": 121,
        "fields": {
            "name": "Can add aligned pac bio",
            "content_type": 31,
            "codename": "add_alignedpacbio"
        }
    },
    {
        "model": "auth.permission",
        "pk": 122,
        "fields": {
            "name": "Can change aligned pac bio",
            "content_type": 31,
            "codename": "change_alignedpacbio"
        }
    },
    {
        "model": "auth.permission",
        "pk": 123,
        "fields": {
            "name": "Can delete aligned pac bio",
            "content_type": 31,
            "codename": "delete_alignedpacbio"
        }
    },
    {
        "model": "auth.permission",
        "pk": 124,
        "fields": {
            "name": "Can view aligned pac bio",
            "content_type": 31,
            "codename": "view_alignedpacbio"
        }
    },
    {
        "model": "auth.permission",
        "pk": 125,
        "fields": {
            "name": "Can add aligned pac bio set",
            "content_type": 32,
            "codename": "add_alignedpacbioset"
        }
    },
    {
        "model": "auth.permission",
        "pk": 126,
        "fields": {
            "name": "Can change aligned pac bio set",
            "content_type": 32,
            "codename": "change_alignedpacbioset"
        }
    },
    {
        "model": "auth.permission",
        "pk": 127,
        "fields": {
            "name": "Can delete aligned pac bio set",
            "content_type": 32,
            "codename": "delete_alignedpacbioset"
        }
    },
    {
        "model": "auth.permission",
        "pk": 128,
        "fields": {
            "name": "Can view aligned pac bio set",
            "content_type": 32,
            "codename": "view_alignedpacbioset"
        }
    },
    {
        "model": "auth.permission",
        "pk": 129,
        "fields": {
            "name": "Can add called variants pac bio",
            "content_type": 33,
            "codename": "add_calledvariantspacbio"
        }
    },
    {
        "model": "auth.permission",
        "pk": 130,
        "fields": {
            "name": "Can change called variants pac bio",
            "content_type": 33,
            "codename": "change_calledvariantspacbio"
        }
    },
    {
        "model": "auth.permission",
        "pk": 131,
        "fields": {
            "name": "Can delete called variants pac bio",
            "content_type": 33,
            "codename": "delete_calledvariantspacbio"
        }
    },
    {
        "model": "auth.permission",
        "pk": 132,
        "fields": {
            "name": "Can view called variants pac bio",
            "content_type": 33,
            "codename": "view_calledvariantspacbio"
        }
    },
    {
        "model": "auth.permission",
        "pk": 133,
        "fields": {
            "name": "Can add experiment atac short read",
            "content_type": 34,
            "codename": "add_experimentatacshortread"
        }
    },
    {
        "model": "auth.permission",
        "pk": 134,
        "fields": {
            "name": "Can change experiment atac short read",
            "content_type": 34,
            "codename": "change_experimentatacshortread"
        }
    },
    {
        "model": "auth.permission",
        "pk": 135,
        "fields": {
            "name": "Can delete experiment atac short read",
            "content_type": 34,
            "codename": "delete_experimentatacshortread"
        }
    },
    {
        "model": "auth.permission",
        "pk": 136,
        "fields": {
            "name": "Can view experiment atac short read",
            "content_type": 34,
            "codename": "view_experimentatacshortread"
        }
    },
    {
        "model": "auth.permission",
        "pk": 137,
        "fields": {
            "name": "Can add aligned atac short read",
            "content_type": 35,
            "codename": "add_alignedatacshortread"
        }
    },
    {
        "model": "auth.permission",
        "pk": 138,
        "fields": {
            "name": "Can change aligned atac short read",
            "content_type": 35,
            "codename": "change_alignedatacshortread"
        }
    },
    {
        "model": "auth.permission",
        "pk": 139,
        "fields": {
            "name": "Can delete aligned atac short read",
            "content_type": 35,
            "codename": "delete_alignedatacshortread"
        }
    },
    {
        "model": "auth.permission",
        "pk": 140,
        "fields": {
            "name": "Can view aligned atac short read",
            "content_type": 35,
            "codename": "view_alignedatacshortread"
        }
    },
    {
        "model": "auth.permission",
        "pk": 141,
        "fields": {
            "name": "Can add called peaks atac short read",
            "content_type": 36,
            "codename": "add_calledpeaksatacshortread"
        }
    },
    {
        "model": "auth.permission",
        "pk": 142,
        "fields": {
            "name": "Can change called peaks atac short read",
            "content_type": 36,
            "codename": "change_calledpeaksatacshortread"
        }
    },
    {
        "model": "auth.permission",
        "pk": 143,
        "fields": {
            "name": "Can delete called peaks atac short read",
            "content_type": 36,
            "codename": "delete_calledpeaksatacshortread"
        }
    },
    {
        "model": "auth.permission",
        "pk": 144,
        "fields": {
            "name": "Can view called peaks atac short read",
            "content_type": 36,
            "codename": "view_calledpeaksatacshortread"
        }
    },
    {
        "model": "auth.permission",
        "pk": 145,
        "fields": {
            "name": "Can add allele specific atac short read",
            "content_type": 37,
            "codename": "add_allelespecificatacshortread"
        }
    },
    {
        "model": "auth.permission",
        "pk": 146,
        "fields": {
            "name": "Can change allele specific atac short read",
            "content_type": 37,
            "codename": "change_allelespecificatacshortread"
        }
    },
    {
        "model": "auth.permission",
        "pk": 147,
        "fields": {
            "name": "Can delete allele specific atac short read",
            "content_type": 37,
            "codename": "delete_allelespecificatacshortread"
        }
    },
    {
        "model": "auth.permission",
        "pk": 148,
        "fields": {
            "name": "Can view allele specific atac short read",
            "content_type": 37,
            "codename": "view_allelespecificatacshortread"
        }
    },
    {
        "model": "auth.permission",
        "pk": 149,
        "fields": {
            "name": "Can add reported race",
            "content_type": 38,
            "codename": "add_reportedrace"
        }
    },
    {
        "model": "auth.permission",
        "pk": 150,
        "fields": {
            "name": "Can change reported race",
            "content_type": 38,
            "codename": "change_reportedrace"
        }
    },
    {
        "model": "auth.permission",
        "pk": 151,
        "fields": {
            "name": "Can delete reported race",
            "content_type": 38,
            "codename": "delete_reportedrace"
        }
    },
    {
        "model": "auth.permission",
        "pk": 152,
        "fields": {
            "name": "Can view reported race",
            "content_type": 38,
            "codename": "view_reportedrace"
        }
    },
    {
        "model": "auth.permission",
        "pk": 153,
        "fields": {
            "name": "Can add internal project id",
            "content_type": 39,
            "codename": "add_internalprojectid"
        }
    },
    {
        "model": "auth.permission",
        "pk": 154,
        "fields": {
            "name": "Can change internal project id",
            "content_type": 39,
            "codename": "change_internalprojectid"
        }
    },
    {
        "model": "auth.permission",
        "pk": 155,
        "fields": {
            "name": "Can delete internal project id",
            "content_type": 39,
            "codename": "delete_internalprojectid"
        }
    },
    {
        "model": "auth.permission",
        "pk": 156,
        "fields": {
            "name": "Can view internal project id",
            "content_type": 39,
            "codename": "view_internalprojectid"
        }
    },
    {
        "model": "auth.permission",
        "pk": 157,
        "fields": {
            "name": "Can add pmid id",
            "content_type": 40,
            "codename": "add_pmidid"
        }
    },
    {
        "model": "auth.permission",
        "pk": 158,
        "fields": {
            "name": "Can change pmid id",
            "content_type": 40,
            "codename": "change_pmidid"
        }
    },
    {
        "model": "auth.permission",
        "pk": 159,
        "fields": {
            "name": "Can delete pmid id",
            "content_type": 40,
            "codename": "delete_pmidid"
        }
    },
    {
        "model": "auth.permission",
        "pk": 160,
        "fields": {
            "name": "Can view pmid id",
            "content_type": 40,
            "codename": "view_pmidid"
        }
    },
    {
        "model": "auth.permission",
        "pk": 161,
        "fields": {
            "name": "Can add twin id",
            "content_type": 41,
            "codename": "add_twinid"
        }
    },
    {
        "model": "auth.permission",
        "pk": 162,
        "fields": {
            "name": "Can change twin id",
            "content_type": 41,
            "codename": "change_twinid"
        }
    },
    {
        "model": "auth.permission",
        "pk": 163,
        "fields": {
            "name": "Can delete twin id",
            "content_type": 41,
            "codename": "delete_twinid"
        }
    },
    {
        "model": "auth.permission",
        "pk": 164,
        "fields": {
            "name": "Can view twin id",
            "content_type": 41,
            "codename": "view_twinid"
        }
    },
    {
        "model": "auth.user",
        "pk": 2,
        "fields": {
            "password": "pbkdf2_sha256$720000$5Zume6W5yJ6mG65dA4dDlK$vXsTd6lIx7VcS6tHvAaXszPsmLkSbwO3PjW1zJOuMjQ=",
            "last_login": "2025-02-17T13:20:38.034Z",
            "is_superuser": true,
            "username": "wheel",
            "first_name": "",
            "last_name": "",
            "email": "wheel@wheel.tst",
            "is_staff": true,
            "is_active": true,
            "date_joined": "2024-05-14T18:21:45.897Z",
            "groups": [],
            "user_permissions": []
        }
    },
    {
        "model": "authtoken.token",
        "pk": "c779f2d087664915bb4e6b62ed4d0aba933be1e6",
        "fields": {
            "user": 2,
            "created": "2024-08-13T19:22:25.584Z"
        }
    },
    {
        "model": "metadata.family",
        "pk": "GREGoR_test-001",
        "fields": {
            "consanguinity": "None suspected",
            "consanguinity_detail": "",
            "pedigree_file": "",
            "pedigree_file_detail": "",
            "family_history_detail": "history of febrile seizures in a maternal cousin. Two older siblings are healthy"
        }
    },
    {
        "model": "metadata.family",
        "pk": "GREGoR_test-002",
        "fields": {
            "consanguinity": "None suspected",
            "consanguinity_detail": "",
            "pedigree_file": "",
            "pedigree_file_detail": "",
            "family_history_detail": "two paternal first cousins through paternal uncle with autism otherwise non-contributory"
        }
    },
    {
        "model": "metadata.family",
        "pk": "GREGoR_test-003",
        "fields": {
            "consanguinity": "None suspected",
            "consanguinity_detail": "",
            "pedigree_file": "",
            "pedigree_file_detail": "",
            "family_history_detail": "maternal male first cousin with autism and a history of repaired coarctation of the aorta. Mom has a paternal aunt and uncle with mental retardation. The aunt, who has since died, had cerebral palsy. The uncle is 85 with significant mental retardation."
        }
    },
    {
        "model": "metadata.participant",
        "pk": "GREGoR_test-001-001-0",
        "fields": {
            "gregor_center": "UCI",
            "consent_code": "GRU",
            "recontactable": "Yes",
            "prior_testing": [
                "neuromuscular panel: VUS in FLNC maternally inherited (c.4334A>G), VUS in GUS1 c.314G>A heterozygous maternally inherited, VUS in NEB c.8968A>G heterozygous, maternally inherited. VUS on WES, CHD1:c.1010C>T, p.(T337I), heterozygous, de novo"
            ],
            "family_id": "GREGoR_test-001",
            "paternal_id": "GREGoR_test-003-001-1",
            "maternal_id": "GREGoR_test-002-001-2",
            "proband_relationship": "Self",
            "proband_relationship_detail": "",
            "sex": "Male",
            "sex_detail": "",
            "reported_ethnicity": "Hispanic or Latino",
            "ancestry_detail": "",
            "age_at_last_observation": 9.0,
            "affected_status": "Affected",
            "phenotype_description": [
                "early childhood onset weakness, early motor delay, hypotonia, dysarthria, autism spectrum disorder, stereotypic behavior"
            ],
            "age_at_enrollment": 9.0,
            "solve_status": "Solved",
            "missing_variant_case": "No",
            "missing_variant_details": "",
            "internal_project_id": [],
            "pmid_id": [],
            "twin_id": [
                "0"
            ],
            "reported_race": []
        }
    },
    {
        "model": "metadata.participant",
        "pk": "GREGoR_test-001-002-0",
        "fields": {
            "gregor_center": "UCI",
            "consent_code": "GRU",
            "recontactable": "Yes",
            "prior_testing": [
                "All genetic testing so far has been negative (including congenital muscular dystrophy panel, leukodystrophy panel, WES, CMA)"
            ],
            "family_id": "GREGoR_test-002",
            "paternal_id": "GREGoR_test-003-002-1",
            "maternal_id": "GREGoR_test-002-002-2",
            "proband_relationship": "Self",
            "proband_relationship_detail": "",
            "sex": "Female",
            "sex_detail": "",
            "reported_ethnicity": "Not Hispanic or Latino",
            "ancestry_detail": "",
            "age_at_last_observation": 2.0,
            "affected_status": "Affected",
            "phenotype_description": [
                "left hemiparesis, spasticity, truncal hypotonia, bilateral esotropia (s/p strabismus repair), and global developmental delays. polymicrogyria, grey matter heterotopia, abnormal T2 prolongation of the white matter and multiple cysts."
            ],
            "age_at_enrollment": 2.0,
            "solve_status": "Unsolved",
            "missing_variant_case": "Unknown",
            "missing_variant_details": "",
            "internal_project_id": [],
            "pmid_id": [],
            "twin_id": [
                "0"
            ],
            "reported_race": []
        }
    },
    {
        "model": "metadata.participant",
        "pk": "GREGoR_test-001-003-0",
        "fields": {
            "gregor_center": "UCI",
            "consent_code": "GRU",
            "recontactable": "Yes",
            "prior_testing": [
                "CMA negative, normal 7-dehydrocholesterol study, negative craniosynostosis multi-gene panel, testing for alterations in KMTD2/MLL2 negative,  WES negative, The KDM6A gene, producing an X-linked form of Kabuki syndrome, was specifically reviewed and showed no pathogenic changes. Duplication/deletion analysis was also done on both KDM6A and KMT2D, and was negative. WES reanalysis negative"
            ],
            "family_id": "GREGoR_test-003",
            "paternal_id": "GREGoR_test-002-003-1",
            "maternal_id": "GREGoR_test-003-003-2",
            "proband_relationship": "Self",
            "proband_relationship_detail": "",
            "sex": "Male",
            "sex_detail": "",
            "reported_ethnicity": "Not Hispanic or Latino",
            "ancestry_detail": "",
            "age_at_last_observation": 8.1,
            "affected_status": "Affected",
            "phenotype_description": [
                "congenital metopic craniosynostosis, autism, prematurity (31wks), ASD, broad nasal bridge, triangular mouth, ADHD, expressive receptive language disorder, motor delay"
            ],
            "age_at_enrollment": 8.1,
            "solve_status": "Unsolved",
            "missing_variant_case": "Unknown",
            "missing_variant_details": "",
            "internal_project_id": [],
            "pmid_id": [],
            "twin_id": [
                "0"
            ],
            "reported_race": [
                "White"
            ]
        }
    },
    {
        "model": "metadata.participant",
        "pk": "GREGoR_test-002-001-2",
        "fields": {
            "gregor_center": "UCI",
            "consent_code": "GRU",
            "recontactable": "Yes",
            "prior_testing": [],
            "family_id": "GREGoR_test-001",
            "paternal_id": "0",
            "maternal_id": "0",
            "proband_relationship": "Mother",
            "proband_relationship_detail": "",
            "sex": "Female",
            "sex_detail": "",
            "reported_ethnicity": "Hispanic or Latino",
            "ancestry_detail": "",
            "age_at_last_observation": 45.1,
            "affected_status": "Unaffected",
            "phenotype_description": [
                "migraines"
            ],
            "age_at_enrollment": 45.1,
            "solve_status": "Unaffected",
            "missing_variant_case": "Unknown",
            "missing_variant_details": "",
            "internal_project_id": [],
            "pmid_id": [],
            "twin_id": [
                "0"
            ],
            "reported_race": []
        }
    },
    {
        "model": "metadata.participant",
        "pk": "GREGoR_test-002-002-2",
        "fields": {
            "gregor_center": "UCI",
            "consent_code": "GRU",
            "recontactable": "Yes",
            "prior_testing": [],
            "family_id": "GREGoR_test-002",
            "paternal_id": "0",
            "maternal_id": "0",
            "proband_relationship": "Mother",
            "proband_relationship_detail": "",
            "sex": "Female",
            "sex_detail": "",
            "reported_ethnicity": "Not Hispanic or Latino",
            "ancestry_detail": "",
            "age_at_last_observation": 38.7,
            "affected_status": "Unaffected",
            "phenotype_description": [
                "healthy"
            ],
            "age_at_enrollment": 38.7,
            "solve_status": "Unaffected",
            "missing_variant_case": "Unknown",
            "missing_variant_details": "",
            "internal_project_id": [],
            "pmid_id": [],
            "twin_id": [
                "0"
            ],
            "reported_race": []
        }
    },
    {
        "model": "metadata.participant",
        "pk": "GREGoR_test-002-003-1",
        "fields": {
            "gregor_center": "UCI",
            "consent_code": "GRU",
            "recontactable": "Yes",
            "prior_testing": [],
            "family_id": "GREGoR_test-003",
            "paternal_id": "0",
            "maternal_id": "0",
            "proband_relationship": "Father",
            "proband_relationship_detail": "",
            "sex": "Male",
            "sex_detail": "",
            "reported_ethnicity": "Not Hispanic or Latino",
            "ancestry_detail": "",
            "age_at_last_observation": 44.6,
            "affected_status": "Unaffected",
            "phenotype_description": [
                "unaffected parent"
            ],
            "age_at_enrollment": 44.6,
            "solve_status": "Unaffected",
            "missing_variant_case": "No",
            "missing_variant_details": "",
            "internal_project_id": [],
            "pmid_id": [],
            "twin_id": [
                "0"
            ],
            "reported_race": [
                "White"
            ]
        }
    },
    {
        "model": "metadata.participant",
        "pk": "GREGoR_test-003-001-1",
        "fields": {
            "gregor_center": "UCI",
            "consent_code": "GRU",
            "recontactable": "Yes",
            "prior_testing": [],
            "family_id": "GREGoR_test-001",
            "paternal_id": "0",
            "maternal_id": "0",
            "proband_relationship": "Father",
            "proband_relationship_detail": "",
            "sex": "Male",
            "sex_detail": "",
            "reported_ethnicity": "Hispanic or Latino",
            "ancestry_detail": "",
            "age_at_last_observation": 47.1,
            "affected_status": "Unaffected",
            "phenotype_description": [
                "healthy"
            ],
            "age_at_enrollment": 47.1,
            "solve_status": "Unaffected",
            "missing_variant_case": "Unknown",
            "missing_variant_details": "",
            "internal_project_id": [],
            "pmid_id": [],
            "twin_id": [
                "0"
            ],
            "reported_race": []
        }
    },
    {
        "model": "metadata.participant",
        "pk": "GREGoR_test-003-002-1",
        "fields": {
            "gregor_center": "UCI",
            "consent_code": "GRU",
            "recontactable": "Yes",
            "prior_testing": [],
            "family_id": "GREGoR_test-002",
            "paternal_id": "0",
            "maternal_id": "0",
            "proband_relationship": "Father",
            "proband_relationship_detail": "",
            "sex": "Male",
            "sex_detail": "",
            "reported_ethnicity": "Not Hispanic or Latino",
            "ancestry_detail": "",
            "age_at_last_observation": 49.6,
            "affected_status": "Unaffected",
            "phenotype_description": [
                "healthy"
            ],
            "age_at_enrollment": 49.6,
            "solve_status": "Unaffected",
            "missing_variant_case": "Unknown",
            "missing_variant_details": "",
            "internal_project_id": [],
            "pmid_id": [],
            "twin_id": [
                "0"
            ],
            "reported_race": [
                "White"
            ]
        }
    },
    {
        "model": "metadata.participant",
        "pk": "GREGoR_test-003-003-2",
        "fields": {
            "gregor_center": "UCI",
            "consent_code": "GRU",
            "recontactable": "Yes",
            "prior_testing": [],
            "family_id": "GREGoR_test-003",
            "paternal_id": "0",
            "maternal_id": "0",
            "proband_relationship": "Mother",
            "proband_relationship_detail": "",
            "sex": "Female",
            "sex_detail": "",
            "reported_ethnicity": "Not Hispanic or Latino",
            "ancestry_detail": "",
            "age_at_last_observation": 42.7,
            "affected_status": "Unaffected",
            "phenotype_description": [
                "flu-like illness near delivery"
            ],
            "age_at_enrollment": 42.7,
            "solve_status": "Unaffected",
            "missing_variant_case": "Unknown",
            "missing_variant_details": "",
            "internal_project_id": [],
            "pmid_id": [],
            "twin_id": [
                "0"
            ],
            "reported_race": [
                "White"
            ]
        }
    },
    {
        "model": "metadata.phenotype",
        "pk": "1.2",
        "fields": {
            "participant_id": "GREGoR_test-001-001-0",
            "term_id": "HP:0002194",
            "presence": "Present",
            "ontology": "HPO",
            "additional_details": "gross motor delay",
            "onset_age_range": "HP:0011463",
            "additional_modifiers": [],
            "syndromic": "non-syndromic"
        }
    },
    {
        "model": "metadata.phenotype",
        "pk": "1.3",
        "fields": {
            "participant_id": "GREGoR_test-002-001-2",
            "term_id": "HP:0002076",
            "presence": "Present",
            "ontology": "HPO",
            "additional_details": "migraines",
            "onset_age_range": "HP:0003621",
            "additional_modifiers": [],
            "syndromic": "non-syndromic"
        }
    },
    {
        "model": "metadata.phenotype",
        "pk": "1.4",
        "fields": {
            "participant_id": "GREGoR_test-001-001-0",
            "term_id": "HP:0000733",
            "presence": "Present",
            "ontology": "HPO",
            "additional_details": "Stereotypic behavior",
            "onset_age_range": "HP:0003621",
            "additional_modifiers": [],
            "syndromic": "non-syndromic"
        }
    },
    {
        "model": "metadata.phenotype",
        "pk": "1.5",
        "fields": {
            "participant_id": "GREGoR_test-001-001-0",
            "term_id": "HP:0001260",
            "presence": "Present",
            "ontology": "HPO",
            "additional_details": "Dysarthria",
            "onset_age_range": "HP:0003621",
            "additional_modifiers": [],
            "syndromic": "non-syndromic"
        }
    },
    {
        "model": "metadata.phenotype",
        "pk": "1.6",
        "fields": {
            "participant_id": "GREGoR_test-003-001-1",
            "term_id": "HP:0032322",
            "presence": "Present",
            "ontology": "HPO",
            "additional_details": "healthy",
            "onset_age_range": "HP:0003621",
            "additional_modifiers": [],
            "syndromic": "non-syndromic"
        }
    },
    {
        "model": "metadata.phenotype",
        "pk": "1.7",
        "fields": {
            "participant_id": "GREGoR_test-001-001-0",
            "term_id": "HP:0001324",
            "presence": "Present",
            "ontology": "HPO",
            "additional_details": "early childhood onset weakness; can get into fast walk but cannot run/can walk 30mins and then fatigued/ poor grasp",
            "onset_age_range": "HP:0003621",
            "additional_modifiers": [],
            "syndromic": "non-syndromic"
        }
    },
    {
        "model": "metadata.phenotype",
        "pk": "1.8",
        "fields": {
            "participant_id": "GREGoR_test-001-001-0",
            "term_id": "HP:0008936",
            "presence": "Present",
            "ontology": "HPO",
            "additional_details": "hypotonia",
            "onset_age_range": "HP:0003621",
            "additional_modifiers": [],
            "syndromic": "non-syndromic"
        }
    },
    {
        "model": "metadata.phenotype",
        "pk": "1.9",
        "fields": {
            "participant_id": "GREGoR_test-001-001-0",
            "term_id": "HP:0000729",
            "presence": "Present",
            "ontology": "HPO",
            "additional_details": "Autism spectrum disorder",
            "onset_age_range": "HP:0003621",
            "additional_modifiers": [],
            "syndromic": "non-syndromic"
        }
    },
    {
        "model": "metadata.phenotype",
        "pk": "2.1",
        "fields": {
            "participant_id": "GREGoR_test-001-002-0",
            "term_id": "HP:0008936",
            "presence": "Present",
            "ontology": "HPO",
            "additional_details": "truncal hypotonia",
            "onset_age_range": "unknown",
            "additional_modifiers": [],
            "syndromic": "non-syndromic"
        }
    },
    {
        "model": "metadata.phenotype",
        "pk": "2.10",
        "fields": {
            "participant_id": "GREGoR_test-003-002-1",
            "term_id": "HP:0032322",
            "presence": "Present",
            "ontology": "HPO",
            "additional_details": "healthy",
            "onset_age_range": "unknown",
            "additional_modifiers": [],
            "syndromic": "non-syndromic"
        }
    },
    {
        "model": "metadata.phenotype",
        "pk": "2.11",
        "fields": {
            "participant_id": "GREGoR_test-001-002-0",
            "term_id": "HP:0000486",
            "presence": "Present",
            "ontology": "HPO",
            "additional_details": "Strabismus",
            "onset_age_range": "unknown",
            "additional_modifiers": [],
            "syndromic": "non-syndromic"
        }
    },
    {
        "model": "metadata.phenotype",
        "pk": "2.2",
        "fields": {
            "participant_id": "GREGoR_test-001-002-0",
            "term_id": "HP:0001257",
            "presence": "Present",
            "ontology": "HPO",
            "additional_details": "spasticity",
            "onset_age_range": "unknown",
            "additional_modifiers": [],
            "syndromic": "non-syndromic"
        }
    },
    {
        "model": "metadata.phenotype",
        "pk": "2.3",
        "fields": {
            "participant_id": "GREGoR_test-001-002-0",
            "term_id": "HP:0000565",
            "presence": "Present",
            "ontology": "HPO",
            "additional_details": "esotropia; bilateral",
            "onset_age_range": "HP:0003593",
            "additional_modifiers": [],
            "syndromic": "non-syndromic"
        }
    },
    {
        "model": "metadata.phenotype",
        "pk": "2.4",
        "fields": {
            "participant_id": "GREGoR_test-001-002-0",
            "term_id": "HP:0001269",
            "presence": "Present",
            "ontology": "HPO",
            "additional_details": "L hemiparesis",
            "onset_age_range": "HP:0003593",
            "additional_modifiers": [],
            "syndromic": "non-syndromic"
        }
    },
    {
        "model": "metadata.phenotype",
        "pk": "2.5",
        "fields": {
            "participant_id": "GREGoR_test-001-002-0",
            "term_id": "HP:0002126",
            "presence": "Present",
            "ontology": "HPO",
            "additional_details": "polymicrogyria",
            "onset_age_range": "HP:0011463",
            "additional_modifiers": [],
            "syndromic": "non-syndromic"
        }
    },
    {
        "model": "metadata.phenotype",
        "pk": "2.6",
        "fields": {
            "participant_id": "GREGoR_test-001-002-0",
            "term_id": "HP:0030724",
            "presence": "Present",
            "ontology": "HPO",
            "additional_details": "multiple brain cysts",
            "onset_age_range": "HP:0011463",
            "additional_modifiers": [],
            "syndromic": "non-syndromic"
        }
    },
    {
        "model": "metadata.phenotype",
        "pk": "2.7",
        "fields": {
            "participant_id": "GREGoR_test-001-002-0",
            "term_id": "HP:0002282",
            "presence": "Present",
            "ontology": "HPO",
            "additional_details": "gray matter heterotopia",
            "onset_age_range": "HP:0011463",
            "additional_modifiers": [],
            "syndromic": "non-syndromic"
        }
    },
    {
        "model": "metadata.phenotype",
        "pk": "2.8",
        "fields": {
            "participant_id": "GREGoR_test-001-002-0",
            "term_id": "HP:0001263",
            "presence": "Present",
            "ontology": "HPO",
            "additional_details": "global developmental delay",
            "onset_age_range": "HP:0011463",
            "additional_modifiers": [],
            "syndromic": "non-syndromic"
        }
    },
    {
        "model": "metadata.phenotype",
        "pk": "2.9",
        "fields": {
            "participant_id": "GREGoR_test-002-002-2",
            "term_id": "HP:0032322",
            "presence": "Present",
            "ontology": "HPO",
            "additional_details": "healthy",
            "onset_age_range": "unknown",
            "additional_modifiers": [],
            "syndromic": "non-syndromic"
        }
    },
    {
        "model": "metadata.phenotype",
        "pk": "3.1",
        "fields": {
            "participant_id": "GREGoR_test-002-003-1",
            "term_id": "HP:0032321",
            "presence": "Present",
            "ontology": "HPO",
            "additional_details": "unaffected",
            "onset_age_range": "unknown",
            "additional_modifiers": [],
            "syndromic": "non-syndromic"
        }
    },
    {
        "model": "metadata.phenotype",
        "pk": "3.10",
        "fields": {
            "participant_id": "GREGoR_test-001-003-0",
            "term_id": "HP:0001631",
            "presence": "Present",
            "ontology": "HPO",
            "additional_details": "ASD",
            "onset_age_range": "unknown",
            "additional_modifiers": [],
            "syndromic": "non-syndromic"
        }
    },
    {
        "model": "metadata.phenotype",
        "pk": "3.11",
        "fields": {
            "participant_id": "GREGoR_test-001-003-0",
            "term_id": "HP:0025666",
            "presence": "Present",
            "ontology": "HPO",
            "additional_details": "prematurity; 31wks",
            "onset_age_range": "unknown",
            "additional_modifiers": [],
            "syndromic": "non-syndromic"
        }
    },
    {
        "model": "metadata.phenotype",
        "pk": "3.12",
        "fields": {
            "participant_id": "GREGoR_test-001-003-0",
            "term_id": "HP:0000207",
            "presence": "Present",
            "ontology": "HPO",
            "additional_details": "triangular mouth",
            "onset_age_range": "unknown",
            "additional_modifiers": [],
            "syndromic": "non-syndromic"
        }
    },
    {
        "model": "metadata.phenotype",
        "pk": "3.2",
        "fields": {
            "participant_id": "GREGoR_test-003-003-2",
            "term_id": "HP:0032322",
            "presence": "Present",
            "ontology": "HPO",
            "additional_details": "healthy",
            "onset_age_range": "unknown",
            "additional_modifiers": [],
            "syndromic": "non-syndromic"
        }
    },
    {
        "model": "metadata.phenotype",
        "pk": "3.3",
        "fields": {
            "participant_id": "GREGoR_test-001-003-0",
            "term_id": "HP:0011330",
            "presence": "Present",
            "ontology": "HPO",
            "additional_details": "metopic craniosynostosis",
            "onset_age_range": "HP:0003577",
            "additional_modifiers": [],
            "syndromic": "non-syndromic"
        }
    },
    {
        "model": "metadata.phenotype",
        "pk": "3.4",
        "fields": {
            "participant_id": "GREGoR_test-001-003-0",
            "term_id": "HP:0007018",
            "presence": "Present",
            "ontology": "HPO",
            "additional_details": "ADHD",
            "onset_age_range": "unknown",
            "additional_modifiers": [],
            "syndromic": "non-syndromic"
        }
    },
    {
        "model": "metadata.phenotype",
        "pk": "3.5",
        "fields": {
            "participant_id": "GREGoR_test-001-003-0",
            "term_id": "HP:0002194",
            "presence": "Present",
            "ontology": "HPO",
            "additional_details": "gross motor delay; walked at 22mo",
            "onset_age_range": "unknown",
            "additional_modifiers": [],
            "syndromic": "non-syndromic"
        }
    },
    {
        "model": "metadata.phenotype",
        "pk": "3.6",
        "fields": {
            "participant_id": "GREGoR_test-001-003-0",
            "term_id": "HP:0002474",
            "presence": "Present",
            "ontology": "HPO",
            "additional_details": "expressive language disorder",
            "onset_age_range": "unknown",
            "additional_modifiers": [],
            "syndromic": "non-syndromic"
        }
    },
    {
        "model": "metadata.phenotype",
        "pk": "3.7",
        "fields": {
            "participant_id": "GREGoR_test-001-003-0",
            "term_id": "HP:0010863",
            "presence": "Present",
            "ontology": "HPO",
            "additional_details": "receptive language disorder",
            "onset_age_range": "unknown",
            "additional_modifiers": [],
            "syndromic": "non-syndromic"
        }
    },
    {
        "model": "metadata.phenotype",
        "pk": "3.8",
        "fields": {
            "participant_id": "GREGoR_test-001-003-0",
            "term_id": "HP:0012811",
            "presence": "Present",
            "ontology": "HPO",
            "additional_details": "broad nasal bridge",
            "onset_age_range": "unknown",
            "additional_modifiers": [],
            "syndromic": "non-syndromic"
        }
    },
    {
        "model": "metadata.phenotype",
        "pk": "3.9",
        "fields": {
            "participant_id": "GREGoR_test-001-003-0",
            "term_id": "HP:0000717",
            "presence": "Present",
            "ontology": "HPO",
            "additional_details": "autism",
            "onset_age_range": "unknown",
            "additional_modifiers": [],
            "syndromic": "non-syndromic"
        }
    },
    {
        "model": "metadata.geneticfindings",
        "pk": "10_73792184_GREGoR_test-001-001-0",
        "fields": {
            "participant_id": "GREGoR_test-001-001-0",
            "experiment_id": [
                "WGS"
            ],
            "variant_type": [
                "SNV/INDEL"
            ],
            "sv_type": "",
            "variant_reference_assembly": "GRCh38",
            "chrom": "10",
            "chrom_end": "",
            "pos": 73792184,
            "pos_end": null,
            "ref": "C",
            "alt": "T",
            "copy_number": null,
            "ClinGen_allele_ID": "",
            "gene_of_interest": [
                "ZSWIM8"
            ],
            "transcript": "ENST00000604729.6",
            "hgvsc": "c.1645C>T",
            "hgvsp": "",
            "hgvs": "",
            "zygosity": "Heterozygous",
            "allele_balance_or_heteroplasmy_percentage": null,
            "variant_inheritance": "maternal",
            "linked_variant": "",
            "linked_variant_phase": "",
            "gene_known_for_phenotype": "Candidate",
            "known_condition_name": "",
            "condition_id": "",
            "condition_inheritance": [
                "Unknown"
            ],
            "GREGoR_variant_classification": "Curation in progress",
            "GREGoR_ClinVar_SCV": "",
            "gene_disease_validity": "Curation in progress",
            "public_database_other": "",
            "public_database_ID_other": "",
            "phenotype_contribution": "",
            "partial_contribution_explained": [],
            "method_of_discovery": [
                "SR-GS"
            ],
            "notes": "",
            "additional_family_members_with_variant": []
        }
    },
    {
        "model": "metadata.geneticfindings",
        "pk": "11_64660831_GREGoR_test-001-003-0",
        "fields": {
            "participant_id": "GREGoR_test-001-003-0",
            "experiment_id": [
                "WGS"
            ],
            "variant_type": [
                "SNV/INDEL"
            ],
            "sv_type": "",
            "variant_reference_assembly": "GRCh38",
            "chrom": "11",
            "chrom_end": "",
            "pos": 64660831,
            "pos_end": null,
            "ref": "C",
            "alt": "T",
            "copy_number": null,
            "ClinGen_allele_ID": "",
            "gene_of_interest": [],
            "transcript": "ENST00000265459.11",
            "hgvsc": "c.2107G>A",
            "hgvsp": "",
            "hgvs": "",
            "zygosity": "Heterozygous",
            "allele_balance_or_heteroplasmy_percentage": null,
            "variant_inheritance": "paternal",
            "linked_variant": "",
            "linked_variant_phase": "",
            "gene_known_for_phenotype": "Candidate",
            "known_condition_name": "",
            "condition_id": "",
            "condition_inheritance": [
                "Unknown"
            ],
            "GREGoR_variant_classification": "Curation in progress",
            "GREGoR_ClinVar_SCV": "",
            "gene_disease_validity": null,
            "public_database_other": "",
            "public_database_ID_other": "",
            "phenotype_contribution": "",
            "partial_contribution_explained": [],
            "method_of_discovery": [
                "SR-GS"
            ],
            "notes": "",
            "additional_family_members_with_variant": []
        }
    },
    {
        "model": "metadata.geneticfindings",
        "pk": "2_6849938_GREGoR_test-001-001-0",
        "fields": {
            "participant_id": "GREGoR_test-001-001-0",
            "experiment_id": [
                "WGS"
            ],
            "variant_type": [
                "SNV/INDEL"
            ],
            "sv_type": "",
            "variant_reference_assembly": "GRCh38",
            "chrom": "2",
            "chrom_end": "",
            "pos": 6849938,
            "pos_end": null,
            "ref": "C",
            "alt": "T",
            "copy_number": null,
            "ClinGen_allele_ID": "",
            "gene_of_interest": [
                "CMPK2"
            ],
            "transcript": "ENST00000256722.10",
            "hgvsc": "c.1262G>A",
            "hgvsp": "",
            "hgvs": "",
            "zygosity": "Heterozygous",
            "allele_balance_or_heteroplasmy_percentage": null,
            "variant_inheritance": "maternal",
            "linked_variant": "2_6865407_GREGoR_test-001-001-0",
            "linked_variant_phase": "in trans",
            "gene_known_for_phenotype": "Candidate",
            "known_condition_name": "",
            "condition_id": "",
            "condition_inheritance": [
                "Unknown"
            ],
            "GREGoR_variant_classification": "Curation in progress",
            "GREGoR_ClinVar_SCV": "",
            "gene_disease_validity": "Curation in progress",
            "public_database_other": "",
            "public_database_ID_other": "",
            "phenotype_contribution": "",
            "partial_contribution_explained": [],
            "method_of_discovery": [
                "SR-GS"
            ],
            "notes": "",
            "additional_family_members_with_variant": []
        }
    },
    {
        "model": "metadata.geneticfindings",
        "pk": "2_6865407_GREGoR_test-001-001-0",
        "fields": {
            "participant_id": "GREGoR_test-001-001-0",
            "experiment_id": [
                "WGS"
            ],
            "variant_type": [
                "SNV/INDEL"
            ],
            "sv_type": "",
            "variant_reference_assembly": "GRCh38",
            "chrom": "2",
            "chrom_end": "",
            "pos": 6865407,
            "pos_end": null,
            "ref": "C",
            "alt": "T",
            "copy_number": null,
            "ClinGen_allele_ID": "",
            "gene_of_interest": [
                "CMPK2"
            ],
            "transcript": "ENST00000256722.10",
            "hgvsc": "c.290G>A",
            "hgvsp": "",
            "hgvs": "",
            "zygosity": "Heterozygous",
            "allele_balance_or_heteroplasmy_percentage": null,
            "variant_inheritance": "paternal",
            "linked_variant": "2_6849938_GREGoR_test-001-001-0",
            "linked_variant_phase": "in trans",
            "gene_known_for_phenotype": "Candidate",
            "known_condition_name": "",
            "condition_id": "",
            "condition_inheritance": [
                "Unknown"
            ],
            "GREGoR_variant_classification": "Curation in progress",
            "GREGoR_ClinVar_SCV": "",
            "gene_disease_validity": "Curation in progress",
            "public_database_other": "",
            "public_database_ID_other": "",
            "phenotype_contribution": "",
            "partial_contribution_explained": [],
            "method_of_discovery": [
                "SR-GS"
            ],
            "notes": "",
            "additional_family_members_with_variant": []
        }
    },
    {
        "model": "metadata.geneticfindings",
        "pk": "5_98899555_GREGoR_test-001-001-0",
        "fields": {
            "participant_id": "GREGoR_test-001-001-0",
            "experiment_id": [
                "WGS"
            ],
            "variant_type": [
                "SNV/INDEL"
            ],
            "sv_type": "",
            "variant_reference_assembly": "GRCh38",
            "chrom": "5",
            "chrom_end": "",
            "pos": 98899555,
            "pos_end": null,
            "ref": "G",
            "alt": "A",
            "copy_number": null,
            "ClinGen_allele_ID": "",
            "gene_of_interest": [
                "CHD1"
            ],
            "transcript": "ENST00000614616.5",
            "hgvsc": "c.1010C>T",
            "hgvsp": "",
            "hgvs": "",
            "zygosity": "Heterozygous",
            "allele_balance_or_heteroplasmy_percentage": null,
            "variant_inheritance": "de novo",
            "linked_variant": "",
            "linked_variant_phase": "",
            "gene_known_for_phenotype": "Known",
            "known_condition_name": "Pilarowski-Bjornsson syndrome",
            "condition_id": "617682",
            "condition_inheritance": [
                "Autosomal dominant"
            ],
            "GREGoR_variant_classification": "Curation in progress",
            "GREGoR_ClinVar_SCV": "",
            "gene_disease_validity": "Curation in progress",
            "public_database_other": "",
            "public_database_ID_other": "",
            "phenotype_contribution": "",
            "partial_contribution_explained": [],
            "method_of_discovery": [
                "SR-GS"
            ],
            "notes": "",
            "additional_family_members_with_variant": []
        }
    },
    {
        "model": "metadata.analyte",
        "pk": "GREGoR_test-001-001-0-R-1",
        "fields": {
            "participant_id": "GREGoR_test-001-001-0",
            "analyte_type": "RNA",
            "analyte_processing_details": null,
            "primary_biosample": "UBERON:0000178",
            "primary_biosample_id": null,
            "primary_biosample_details": null,
            "tissue_affected_status": "No",
            "age_at_collection": null,
            "participant_drugs_intake": null,
            "participant_special_diet": null,
            "hours_since_last_meal": null,
            "passage_number": null,
            "time_to_freeze": null,
            "sample_transformation_detail": null,
            "quality_issues": null,
            "internal_analyte_id": null
        }
    },
    {
        "model": "metadata.analyte",
        "pk": "GREGoR_test-001-001-0-D-1",
        "fields": {
            "participant_id": "GREGoR_test-001-001-0",
            "analyte_type": "DNA",
            "analyte_processing_details": null,
            "primary_biosample": "UBERON:0000178",
            "primary_biosample_id": null,
            "primary_biosample_details": null,
            "tissue_affected_status": "No",
            "age_at_collection": null,
            "participant_drugs_intake": null,
            "participant_special_diet": null,
            "hours_since_last_meal": null,
            "passage_number": null,
            "time_to_freeze": null,
            "sample_transformation_detail": null,
            "quality_issues": null,
            "internal_analyte_id": null
        }
    },
    {
        "model": "metadata.analyte",
        "pk": "GREGoR_test-001-001-0-D-2",
        "fields": {
            "participant_id": "GREGoR_test-001-001-0",
            "analyte_type": "DNA",
            "analyte_processing_details": null,
            "primary_biosample": "UBERON:0000178",
            "primary_biosample_id": null,
            "primary_biosample_details": null,
            "tissue_affected_status": "No",
            "age_at_collection": null,
            "participant_drugs_intake": null,
            "participant_special_diet": null,
            "hours_since_last_meal": null,
            "passage_number": null,
            "time_to_freeze": null,
            "sample_transformation_detail": null,
            "quality_issues": null,
            "internal_analyte_id": null
        }
    },
    {
        "model": "metadata.analyte",
        "pk": "GREGoR_test-001-001-0-D-3",
        "fields": {
            "participant_id": "GREGoR_test-001-001-0",
            "analyte_type": "DNA",
            "analyte_processing_details": null,
            "primary_biosample": "UBERON:0000178",
            "primary_biosample_id": null,
            "primary_biosample_details": null,
            "tissue_affected_status": "No",
            "age_at_collection": null,
            "participant_drugs_intake": null,
            "participant_special_diet": null,
            "hours_since_last_meal": null,
            "passage_number": null,
            "time_to_freeze": null,
            "sample_transformation_detail": null,
            "quality_issues": null,
            "internal_analyte_id": null
        }
    },
    {
        "model": "metadata.analyte",
        "pk": "GREGoR_test-001-001-0-R-2",
        "fields": {
            "participant_id": "GREGoR_test-001-001-0",
            "analyte_type": "RNA",
            "analyte_processing_details": "PAXgene Tube",
            "primary_biosample": "UBERON:0000178",
            "primary_biosample_id": null,
            "primary_biosample_details": null,
            "tissue_affected_status": "No",
            "age_at_collection": null,
            "participant_drugs_intake": null,
            "participant_special_diet": null,
            "hours_since_last_meal": null,
            "passage_number": null,
            "time_to_freeze": null,
            "sample_transformation_detail": null,
            "quality_issues": null,
            "internal_analyte_id": null
        }
    },
    {
        "model": "metadata.analyte",
        "pk": "GREGoR_test-001-002-0-R-1",
        "fields": {
            "participant_id": "GREGoR_test-001-002-0",
            "analyte_type": "RNA",
            "analyte_processing_details": null,
            "primary_biosample": "UBERON:0000178",
            "primary_biosample_id": null,
            "primary_biosample_details": null,
            "tissue_affected_status": "No",
            "age_at_collection": null,
            "participant_drugs_intake": null,
            "participant_special_diet": null,
            "hours_since_last_meal": null,
            "passage_number": null,
            "time_to_freeze": null,
            "sample_transformation_detail": null,
            "quality_issues": null,
            "internal_analyte_id": null
        }
    },
    {
        "model": "metadata.analyte",
        "pk": "GREGoR_test-001-002-0-R-2",
        "fields": {
            "participant_id": "GREGoR_test-001-002-0",
            "analyte_type": "RNA",
            "analyte_processing_details": null,
            "primary_biosample": "UBERON:0000178",
            "primary_biosample_id": null,
            "primary_biosample_details": null,
            "tissue_affected_status": "No",
            "age_at_collection": null,
            "participant_drugs_intake": null,
            "participant_special_diet": null,
            "hours_since_last_meal": null,
            "passage_number": null,
            "time_to_freeze": null,
            "sample_transformation_detail": null,
            "quality_issues": null,
            "internal_analyte_id": null
        }
    },
    {
        "model": "metadata.analyte",
        "pk": "GREGoR_test-001-003-0-R-1",
        "fields": {
            "participant_id": "GREGoR_test-001-003-0",
            "analyte_type": "RNA",
            "analyte_processing_details": null,
            "primary_biosample": "UBERON:0000178",
            "primary_biosample_id": null,
            "primary_biosample_details": null,
            "tissue_affected_status": "No",
            "age_at_collection": null,
            "participant_drugs_intake": null,
            "participant_special_diet": null,
            "hours_since_last_meal": null,
            "passage_number": null,
            "time_to_freeze": null,
            "sample_transformation_detail": null,
            "quality_issues": null,
            "internal_analyte_id": null
        }
    },
    {
        "model": "metadata.analyte",
        "pk": "GREGoR_test-001-003-0-R-2",
        "fields": {
            "participant_id": "GREGoR_test-001-003-0",
            "analyte_type": "RNA",
            "analyte_processing_details": "PAXgene Tube",
            "primary_biosample": "UBERON:0000178",
            "primary_biosample_id": null,
            "primary_biosample_details": null,
            "tissue_affected_status": "No",
            "age_at_collection": null,
            "participant_drugs_intake": null,
            "participant_special_diet": null,
            "hours_since_last_meal": null,
            "passage_number": null,
            "time_to_freeze": null,
            "sample_transformation_detail": null,
            "quality_issues": null,
            "internal_analyte_id": null
        }
    },
    {
        "model": "metadata.analyte",
        "pk": "GREGoR_test-001-003-0-R-3",
        "fields": {
            "participant_id": "GREGoR_test-001-003-0",
            "analyte_type": "RNA",
            "analyte_processing_details": null,
            "primary_biosample": "UBERON:0000178",
            "primary_biosample_id": null,
            "primary_biosample_details": null,
            "tissue_affected_status": "No",
            "age_at_collection": null,
            "participant_drugs_intake": null,
            "participant_special_diet": null,
            "hours_since_last_meal": null,
            "passage_number": null,
            "time_to_freeze": null,
            "sample_transformation_detail": null,
            "quality_issues": null,
            "internal_analyte_id": null
        }
    },
    {
        "model": "metadata.analyte",
        "pk": "GREGoR_test-002-001-2-R-1",
        "fields": {
            "participant_id": "GREGoR_test-002-001-2",
            "analyte_type": "RNA",
            "analyte_processing_details": null,
            "primary_biosample": "UBERON:0000178",
            "primary_biosample_id": null,
            "primary_biosample_details": null,
            "tissue_affected_status": "No",
            "age_at_collection": null,
            "participant_drugs_intake": null,
            "participant_special_diet": null,
            "hours_since_last_meal": null,
            "passage_number": null,
            "time_to_freeze": null,
            "sample_transformation_detail": null,
            "quality_issues": null,
            "internal_analyte_id": null
        }
    },
    {
        "model": "metadata.analyte",
        "pk": "GREGoR_test-002-001-2-R-2",
        "fields": {
            "participant_id": "GREGoR_test-002-001-2",
            "analyte_type": "RNA",
            "analyte_processing_details": "PAXgene Tube",
            "primary_biosample": "UBERON:0000178",
            "primary_biosample_id": null,
            "primary_biosample_details": null,
            "tissue_affected_status": "No",
            "age_at_collection": null,
            "participant_drugs_intake": null,
            "participant_special_diet": null,
            "hours_since_last_meal": null,
            "passage_number": null,
            "time_to_freeze": null,
            "sample_transformation_detail": null,
            "quality_issues": null,
            "internal_analyte_id": null
        }
    },
    {
        "model": "metadata.analyte",
        "pk": "GREGoR_test-002-001-2-D-1",
        "fields": {
            "participant_id": "GREGoR_test-002-001-2",
            "analyte_type": "DNA",
            "analyte_processing_details": null,
            "primary_biosample": "UBERON:0000178",
            "primary_biosample_id": null,
            "primary_biosample_details": null,
            "tissue_affected_status": "No",
            "age_at_collection": null,
            "participant_drugs_intake": null,
            "participant_special_diet": null,
            "hours_since_last_meal": null,
            "passage_number": null,
            "time_to_freeze": null,
            "sample_transformation_detail": null,
            "quality_issues": null,
            "internal_analyte_id": null
        }
    },
    {
        "model": "metadata.analyte",
        "pk": "GREGoR_test-002-002-2-R-1",
        "fields": {
            "participant_id": "GREGoR_test-002-002-2",
            "analyte_type": "DNA",
            "analyte_processing_details": null,
            "primary_biosample": "UBERON:0000178",
            "primary_biosample_id": null,
            "primary_biosample_details": null,
            "tissue_affected_status": "No",
            "age_at_collection": null,
            "participant_drugs_intake": null,
            "participant_special_diet": null,
            "hours_since_last_meal": null,
            "passage_number": null,
            "time_to_freeze": null,
            "sample_transformation_detail": null,
            "quality_issues": null,
            "internal_analyte_id": null
        }
    },
    {
        "model": "metadata.analyte",
        "pk": "GREGoR_test-002-002-2-R-2",
        "fields": {
            "participant_id": "GREGoR_test-002-002-2",
            "analyte_type": "DNA",
            "analyte_processing_details": null,
            "primary_biosample": "UBERON:0000178",
            "primary_biosample_id": null,
            "primary_biosample_details": null,
            "tissue_affected_status": "No",
            "age_at_collection": null,
            "participant_drugs_intake": null,
            "participant_special_diet": null,
            "hours_since_last_meal": null,
            "passage_number": null,
            "time_to_freeze": null,
            "sample_transformation_detail": null,
            "quality_issues": null,
            "internal_analyte_id": null
        }
    },
    {
        "model": "metadata.analyte",
        "pk": "GREGoR_test-002-003-1-R-1",
        "fields": {
            "participant_id": "GREGoR_test-002-003-1",
            "analyte_type": "DNA",
            "analyte_processing_details": null,
            "primary_biosample": "UBERON:0000178",
            "primary_biosample_id": null,
            "primary_biosample_details": null,
            "tissue_affected_status": "No",
            "age_at_collection": null,
            "participant_drugs_intake": null,
            "participant_special_diet": null,
            "hours_since_last_meal": null,
            "passage_number": null,
            "time_to_freeze": null,
            "sample_transformation_detail": null,
            "quality_issues": null,
            "internal_analyte_id": null
        }
    },
    {
        "model": "metadata.analyte",
        "pk": "GREGoR_test-002-003-1-R-2",
        "fields": {
            "participant_id": "GREGoR_test-002-003-1",
            "analyte_type": "RNA",
            "analyte_processing_details": "PAXgene Tube",
            "primary_biosample": "UBERON:0000178",
            "primary_biosample_id": null,
            "primary_biosample_details": null,
            "tissue_affected_status": "No",
            "age_at_collection": null,
            "participant_drugs_intake": null,
            "participant_special_diet": null,
            "hours_since_last_meal": null,
            "passage_number": null,
            "time_to_freeze": null,
            "sample_transformation_detail": null,
            "quality_issues": null,
            "internal_analyte_id": null
        }
    },
    {
        "model": "metadata.analyte",
        "pk": "GREGoR_test-003-001-1-R-1",
        "fields": {
            "participant_id": "GREGoR_test-003-001-1",
            "analyte_type": "DNA",
            "analyte_processing_details": null,
            "primary_biosample": "UBERON:0000178",
            "primary_biosample_id": null,
            "primary_biosample_details": null,
            "tissue_affected_status": "No",
            "age_at_collection": null,
            "participant_drugs_intake": null,
            "participant_special_diet": null,
            "hours_since_last_meal": null,
            "passage_number": null,
            "time_to_freeze": null,
            "sample_transformation_detail": null,
            "quality_issues": null,
            "internal_analyte_id": null
        }
    },
    {
        "model": "metadata.analyte",
        "pk": "GREGoR_test-003-001-1-R-2",
        "fields": {
            "participant_id": "GREGoR_test-003-001-1",
            "analyte_type": "RNA",
            "analyte_processing_details": "PAXgene Tube",
            "primary_biosample": "UBERON:0000178",
            "primary_biosample_id": null,
            "primary_biosample_details": null,
            "tissue_affected_status": "No",
            "age_at_collection": null,
            "participant_drugs_intake": null,
            "participant_special_diet": null,
            "hours_since_last_meal": null,
            "passage_number": null,
            "time_to_freeze": null,
            "sample_transformation_detail": null,
            "quality_issues": null,
            "internal_analyte_id": null
        }
    },
    {
        "model": "metadata.analyte",
        "pk": "GREGoR_test-003-002-1-R-1",
        "fields": {
            "participant_id": "GREGoR_test-003-002-1",
            "analyte_type": "DNA",
            "analyte_processing_details": null,
            "primary_biosample": "UBERON:0000178",
            "primary_biosample_id": null,
            "primary_biosample_details": null,
            "tissue_affected_status": "No",
            "age_at_collection": null,
            "participant_drugs_intake": null,
            "participant_special_diet": null,
            "hours_since_last_meal": null,
            "passage_number": null,
            "time_to_freeze": null,
            "sample_transformation_detail": null,
            "quality_issues": null,
            "internal_analyte_id": null
        }
    },
    {
        "model": "metadata.analyte",
        "pk": "GREGoR_test-003-002-1-R-2",
        "fields": {
            "participant_id": "GREGoR_test-003-002-1",
            "analyte_type": "DNA",
            "analyte_processing_details": null,
            "primary_biosample": "UBERON:0000178",
            "primary_biosample_id": null,
            "primary_biosample_details": null,
            "tissue_affected_status": "No",
            "age_at_collection": null,
            "participant_drugs_intake": null,
            "participant_special_diet": null,
            "hours_since_last_meal": null,
            "passage_number": null,
            "time_to_freeze": null,
            "sample_transformation_detail": null,
            "quality_issues": null,
            "internal_analyte_id": null
        }
    },
    {
        "model": "metadata.analyte",
        "pk": "GREGoR_test-003-003-2-R-1",
        "fields": {
            "participant_id": "GREGoR_test-003-003-2",
            "analyte_type": "DNA",
            "analyte_processing_details": null,
            "primary_biosample": "UBERON:0000178",
            "primary_biosample_id": null,
            "primary_biosample_details": null,
            "tissue_affected_status": "No",
            "age_at_collection": null,
            "participant_drugs_intake": null,
            "participant_special_diet": null,
            "hours_since_last_meal": null,
            "passage_number": null,
            "time_to_freeze": null,
            "sample_transformation_detail": null,
            "quality_issues": null,
            "internal_analyte_id": null
        }
    },
    {
        "model": "metadata.analyte",
        "pk": "GREGoR_test-003-003-2-R-2",
        "fields": {
            "participant_id": "GREGoR_test-003-003-2",
            "analyte_type": "RNA",
            "analyte_processing_details": "PAXgene Tube",
            "primary_biosample": "UBERON:0000178",
            "primary_biosample_id": null,
            "primary_biosample_details": null,
            "tissue_affected_status": "No",
            "age_at_collection": null,
            "participant_drugs_intake": null,
            "participant_special_diet": null,
            "hours_since_last_meal": null,
            "passage_number": null,
            "time_to_freeze": null,
            "sample_transformation_detail": null,
            "quality_issues": null,
            "internal_analyte_id": null
        }
    },
    {
        "model": "metadata.analyte",
        "pk": "GREGoR_test-003-003-2-R-3",
        "fields": {
            "participant_id": "GREGoR_test-003-003-2",
            "analyte_type": "DNA",
            "analyte_processing_details": null,
            "primary_biosample": "UBERON:0000178",
            "primary_biosample_id": null,
            "primary_biosample_details": null,
            "tissue_affected_status": "No",
            "age_at_collection": null,
            "participant_drugs_intake": null,
            "participant_special_diet": null,
            "hours_since_last_meal": null,
            "passage_number": null,
            "time_to_freeze": null,
            "sample_transformation_detail": null,
            "quality_issues": null,
            "internal_analyte_id": null
        }
    },
    {
        "model": "experiments.experiment",
        "pk": "experiment_dna_short_read.UCI_GREGoR_test-001-001-0-R-1_DNA_1",
        "fields": {
            "table_name": "experiment_dna_short_read",
            "id_in_table": "UCI_GREGoR_test-001-001-0-R-1_DNA_1",
            "participant_id": "GREGoR_test-001-001-0"
        }
    },
    {
        "model": "experiments.experiment",
        "pk": "experiment_dna_short_read.UCI_GREGoR_test-001-002-0-R-1_DNA_1",
        "fields": {
            "table_name": "experiment_dna_short_read",
            "id_in_table": "UCI_GREGoR_test-001-002-0-R-1_DNA_1",
            "participant_id": "GREGoR_test-001-002-0"
        }
    },
    {
        "model": "experiments.experiment",
        "pk": "experiment_dna_short_read.UCI_GREGoR_test-001-003-0_DNA_1",
        "fields": {
            "table_name": "experiment_dna_short_read",
            "id_in_table": "UCI_GREGoR_test-001-003-0_DNA_1",
            "participant_id": "GREGoR_test-001-003-0"
        }
    },
    {
        "model": "experiments.experiment",
        "pk": "experiment_dna_short_read.UCI_GREGoR_test-002-001-2-R-1_DNA_1",
        "fields": {
            "table_name": "experiment_dna_short_read",
            "id_in_table": "UCI_GREGoR_test-002-001-2-R-1_DNA_1",
            "participant_id": "GREGoR_test-002-001-2"
        }
    },
    {
        "model": "experiments.experiment",
        "pk": "experiment_dna_short_read.UCI_GREGoR_test-002-002-2-R-1_DNA_1",
        "fields": {
            "table_name": "experiment_dna_short_read",
            "id_in_table": "UCI_GREGoR_test-002-002-2-R-1_DNA_1",
            "participant_id": "GREGoR_test-002-002-2"
        }
    },
    {
        "model": "experiments.experiment",
        "pk": "experiment_dna_short_read.UCI_GREGoR_test-002-003-1_DNA_1",
        "fields": {
            "table_name": "experiment_dna_short_read",
            "id_in_table": "UCI_GREGoR_test-002-003-1_DNA_1",
            "participant_id": "GREGoR_test-002-003-1"
        }
    },
    {
        "model": "experiments.experiment",
        "pk": "experiment_dna_short_read.UCI_GREGoR_test-003-001-2-R-1_DNA_1",
        "fields": {
            "table_name": "experiment_dna_short_read",
            "id_in_table": "UCI_GREGoR_test-003-001-2-R-1_DNA_1",
            "participant_id": "GREGoR_test-003-001-1"
        }
    },
    {
        "model": "experiments.experiment",
        "pk": "experiment_dna_short_read.UCI_GREGoR_test-003-002-1-R-1_DNA_1",
        "fields": {
            "table_name": "experiment_dna_short_read",
            "id_in_table": "UCI_GREGoR_test-003-002-1-R-1_DNA_1",
            "participant_id": "GREGoR_test-003-002-1"
        }
    },
    {
        "model": "experiments.experiment",
        "pk": "experiment_dna_short_read.UCI_GREGoR_test-003-003-2_DNA_1",
        "fields": {
            "table_name": "experiment_dna_short_read",
            "id_in_table": "UCI_GREGoR_test-003-003-2_DNA_1",
            "participant_id": "GREGoR_test-003-003-2"
        }
    },
    {
        "model": "experiments.experiment",
        "pk": "experiment_nanopore.UCI_GREGoR_test-001-003-0_NANO_1",
        "fields": {
            "table_name": "experiment_nanopore",
            "id_in_table": "UCI_GREGoR_test-001-003-0_NANO_1",
            "participant_id": "GREGoR_test-001-003-0"
        }
    },
    {
        "model": "experiments.experiment",
        "pk": "experiment_nanopore.UCI_GREGoR_test-003-003-2_NANO_1",
        "fields": {
            "table_name": "experiment_nanopore",
            "id_in_table": "UCI_GREGoR_test-003-003-2_NANO_1",
            "participant_id": "GREGoR_test-003-003-2"
        }
    },
    {
        "model": "experiments.experiment",
        "pk": "experiment_pac_bio.UCI_GREGoR_test-001-002-0-R-2_PB",
        "fields": {
            "table_name": "experiment_pac_bio",
            "id_in_table": "UCI_GREGoR_test-001-002-0-R-2_PB",
            "participant_id": "GREGoR_test-001-002-0"
        }
    },
    {
        "model": "experiments.experiment",
        "pk": "experiment_pac_bio.UCI_GREGoR_test-002-002-2-R-2_PB",
        "fields": {
            "table_name": "experiment_pac_bio",
            "id_in_table": "UCI_GREGoR_test-002-002-2-R-2_PB",
            "participant_id": "GREGoR_test-003-002-1"
        }
    },
    {
        "model": "experiments.experiment",
        "pk": "experiment_pac_bio.UCI_GREGoR_test-003-002-1-R-2_PB",
        "fields": {
            "table_name": "experiment_pac_bio",
            "id_in_table": "UCI_GREGoR_test-003-002-1-R-2_PB",
            "participant_id": "GREGoR_test-003-002-1"
        }
    },
    {
        "model": "experiments.experiment",
        "pk": "experiment_rna_short_read.UCI_GREGoR_test-001-001-0_RNA",
        "fields": {
            "table_name": "experiment_rna_short_read",
            "id_in_table": "UCI_GREGoR_test-001-001-0_RNA",
            "participant_id": "GREGoR_test-001-001-0"
        }
    },
    {
        "model": "experiments.aligned",
        "pk": "aligned_dna_short_read.UCI_GREGoR_test-001-001-0-R-1_DNA-Aligned-1",
        "fields": {
            "table_name": "aligned_dna_short_read",
            "id_in_table": "UCI_GREGoR_test-001-001-0-R-1_DNA-Aligned-1",
            "participant_id": "GREGoR_test-001-001-0",
            "aligned_file": "gs://fc-secure-3cbd4d3d-7331-46f9-a98f-ebba0a894562/cram/UCI_GREGoR_test-002-001-2-R-1_DNA.cram",
            "aligned_index_file": "gs://fc-secure-3cbd4d3d-7331-46f9-a98f-ebba0a894562/cram/UCI_GREGoR_test-002-001-2-R-1_DNA.crai"
        }
    },
    {
        "model": "experiments.aligned",
        "pk": "aligned_dna_short_read.UCI_GREGoR_test-001-002-0-R-1_DNA_1-Aligned-1",
        "fields": {
            "table_name": "aligned_dna_short_read",
            "id_in_table": "UCI_GREGoR_test-001-002-0-R-1_DNA_1-Aligned-1",
            "participant_id": "GREGoR_test-001-002-0",
            "aligned_file": "gs://fc-secure-be182c9d-e20a-43aa-b158-39113ea47705/cram/UCI_GREGoR_test-001-002-0-R-1_DNA_1-Aligned-1.cram",
            "aligned_index_file": "gs://fc-secure-be182c9d-e20a-43aa-b158-39113ea47705/cram/UCI_GREGoR_test-001-002-0-R-1_DNA_1-Aligned-1.crai"
        }
    },
    {
        "model": "experiments.aligned",
        "pk": "aligned_dna_short_read.UCI_GREGoR_test-001-003-0_DNA_1-Aligned-1",
        "fields": {
            "table_name": "aligned_dna_short_read",
            "id_in_table": "UCI_GREGoR_test-001-003-0_DNA_1-Aligned-1",
            "participant_id": "GREGoR_test-001-003-0",
            "aligned_file": "gs://fc-secure-be182c9d-e20a-43aa-b158-39113ea47705/cram/GREGoR_test-001-003-0_GREGoR_test-001-003-0-R-1_SQ6106.cram",
            "aligned_index_file": "gs://fc-secure-be182c9d-e20a-43aa-b158-39113ea47705/cram/GREGoR_test-001-003-0_GREGoR_test-001-003-0-R-1_SQ6106.crai"
        }
    },
    {
        "model": "experiments.aligned",
        "pk": "aligned_dna_short_read.UCI_GREGoR_test-002-001-2-R-1_DNA_1-Aligned_1",
        "fields": {
            "table_name": "aligned_dna_short_read",
            "id_in_table": "UCI_GREGoR_test-002-001-2-R-1_DNA_1-Aligned_1",
            "participant_id": "GREGoR_test-002-001-2",
            "aligned_file": "gs://fc-secure-3cbd4d3d-7331-46f9-a98f-ebba0a894562/cram/UCI_GREGoR_test-002-001-2-R-1_DNA.cram",
            "aligned_index_file": "gs://fc-secure-3cbd4d3d-7331-46f9-a98f-ebba0a894562/cram/UCI_GREGoR_test-002-001-2-R-1_DNA.crai"
        }
    },
    {
        "model": "experiments.aligned",
        "pk": "aligned_dna_short_read.UCI_GREGoR_test-002-002-2-R-1_DNA_1-Aligned-1",
        "fields": {
            "table_name": "aligned_dna_short_read",
            "id_in_table": "UCI_GREGoR_test-002-002-2-R-1_DNA_1-Aligned-1",
            "participant_id": "GREGoR_test-002-002-2",
            "aligned_file": "gs://fc-secure-be182c9d-e20a-43aa-b158-39113ea47705/cram/UCI_GREGoR_test-002-002-2-R-1_DNA_1-Aligned-1.cram",
            "aligned_index_file": "gs://fc-secure-be182c9d-e20a-43aa-b158-39113ea47705/cram/UCI_GREGoR_test-002-002-2-R-1_DNA_1-Aligned-1.crai"
        }
    },
    {
        "model": "experiments.aligned",
        "pk": "aligned_dna_short_read.UCI_GREGoR_test-002-003-1_DNA_1-Aligned-1",
        "fields": {
            "table_name": "aligned_dna_short_read",
            "id_in_table": "UCI_GREGoR_test-002-003-1_DNA_1-Aligned-1",
            "participant_id": "GREGoR_test-002-003-1",
            "aligned_file": "gs://fc-secure-be182c9d-e20a-43aa-b158-39113ea47705/cram/GREGoR_test-002-003-1_GREGoR_test-002-003-1-R-1_SQ6125.cram",
            "aligned_index_file": "gs://fc-secure-be182c9d-e20a-43aa-b158-39113ea47705/cram/GREGoR_test-002-003-1_GREGoR_test-002-003-1-R-1_SQ6125.crai"
        }
    },
    {
        "model": "experiments.aligned",
        "pk": "aligned_dna_short_read.UCI_GREGoR_test-003-001-2-R-1_DNA_1-Aligned_1",
        "fields": {
            "table_name": "aligned_dna_short_read",
            "id_in_table": "UCI_GREGoR_test-003-001-2-R-1_DNA_1-Aligned_1",
            "participant_id": "GREGoR_test-003-001-1",
            "aligned_file": "gs://fc-secure-3cbd4d3d-7331-46f9-a98f-ebba0a894562/cram/UCI_GREGoR_test-003-001-1-R-1_DNA.cram",
            "aligned_index_file": "gs://fc-secure-3cbd4d3d-7331-46f9-a98f-ebba0a894562/cram/UCI_GREGoR_test-003-001-1-R-1_DNA.crai"
        }
    },
    {
        "model": "experiments.aligned",
        "pk": "aligned_dna_short_read.UCI_GREGoR_test-003-002-1-R-1_DNA_1-Aligned-1",
        "fields": {
            "table_name": "aligned_dna_short_read",
            "id_in_table": "UCI_GREGoR_test-003-002-1-R-1_DNA_1-Aligned-1",
            "participant_id": "GREGoR_test-003-002-1",
            "aligned_file": "gs://fc-secure-be182c9d-e20a-43aa-b158-39113ea47705/cram/UCI_GREGoR_test-003-002-1-R-1_DNA_1-Aligned-1.cram",
            "aligned_index_file": "gs://fc-secure-be182c9d-e20a-43aa-b158-39113ea47705/cram/UCI_GREGoR_test-003-002-1-R-1_DNA_1-Aligned-1.crai"
        }
    },
    {
        "model": "experiments.aligned",
        "pk": "aligned_dna_short_read.UCI_GREGoR_test-003-003-2_DNA_1-Aligned-1",
        "fields": {
            "table_name": "aligned_dna_short_read",
            "id_in_table": "UCI_GREGoR_test-003-003-2_DNA_1-Aligned-1",
            "participant_id": "GREGoR_test-003-003-2",
            "aligned_file": "gs://fc-secure-be182c9d-e20a-43aa-b158-39113ea47705/cram/GREGoR_test-003-003-2_GREGoR_test-003-003-2-R-1_SQ6061.cram",
            "aligned_index_file": "gs://fc-secure-be182c9d-e20a-43aa-b158-39113ea47705/cram/GREGoR_test-003-003-2_GREGoR_test-003-003-2-R-1_SQ6061.crai"
        }
    },
    {
        "model": "experiments.aligned",
        "pk": "aligned_nanopore.UCI_GREGoR_test-001-003-0_NANO_1-Aligned-1",
        "fields": {
            "table_name": "aligned_nanopore",
            "id_in_table": "UCI_GREGoR_test-001-003-0_NANO_1-Aligned-1",
            "participant_id": "GREGoR_test-001-003-0",
            "aligned_file": "gs://fc-secure-1b1e1ff4-3496-466f-8952-12f034c3c469/bam/nanopore/GREGoR_test-001-003-0-R-3.bam",
            "aligned_index_file": "gs://fc-secure-1b1e1ff4-3496-466f-8952-12f034c3c469/bam/nanopore/GREGoR_test-001-003-0-R-3.bai"
        }
    },
    {
        "model": "experiments.aligned",
        "pk": "aligned_nanopore.UCI_GREGoR_test-003-003-2_NANO_1-Aligned-1",
        "fields": {
            "table_name": "aligned_nanopore",
            "id_in_table": "UCI_GREGoR_test-003-003-2_NANO_1-Aligned-1",
            "participant_id": "GREGoR_test-003-003-2",
            "aligned_file": "gs://fc-secure-1b1e1ff4-3496-466f-8952-12f034c3c469/bam/nanopore/GREGoR_test-003-003-2-R-3.bam",
            "aligned_index_file": "gs://fc-secure-1b1e1ff4-3496-466f-8952-12f034c3c469/bam/nanopore/GREGoR_test-003-003-2-R-3.bai"
        }
    },
    {
        "model": "experiments.aligned",
        "pk": "aligned_pac_bio.UCI_GREGoR_test-001-002-0-R-2_PB-Aligned-1",
        "fields": {
            "table_name": "aligned_pac_bio",
            "id_in_table": "UCI_GREGoR_test-001-002-0-R-2_PB-Aligned-1",
            "participant_id": "GREGoR_test-001-002-0",
            "aligned_file": "gs://fc-secure-1b1e1ff4-3496-466f-8952-12f034c3c469/bam/pacbio/GREGoR_test-001-002-0.bam",
            "aligned_index_file": "gs://fc-secure-1b1e1ff4-3496-466f-8952-12f034c3c469/bam/pacbio/GREGoR_test-001-002-0.bai"
        }
    },
    {
        "model": "experiments.aligned",
        "pk": "aligned_pac_bio.UCI_GREGoR_test-002-002-2-R-2_PB-Aligned-1",
        "fields": {
            "table_name": "aligned_pac_bio",
            "id_in_table": "UCI_GREGoR_test-002-002-2-R-2_PB-Aligned-1",
            "participant_id": "GREGoR_test-003-002-1",
            "aligned_file": "gs://fc-secure-1b1e1ff4-3496-466f-8952-12f034c3c469/bam/pacbio/GREGoR_test-002-002-2.bam",
            "aligned_index_file": "gs://fc-secure-1b1e1ff4-3496-466f-8952-12f034c3c469/bam/pacbio/GREGoR_test-002-002-2.bai"
        }
    },
    {
        "model": "experiments.aligned",
        "pk": "aligned_pac_bio.UCI_GREGoR_test-003-002-1-R-2_PB-Aligned-1",
        "fields": {
            "table_name": "aligned_pac_bio",
            "id_in_table": "UCI_GREGoR_test-003-002-1-R-2_PB-Aligned-1",
            "participant_id": "GREGoR_test-003-002-1",
            "aligned_file": "gs://fc-secure-1b1e1ff4-3496-466f-8952-12f034c3c469/bam/pacbio/GREGoR_test-003-002-1.bam",
            "aligned_index_file": "gs://fc-secure-1b1e1ff4-3496-466f-8952-12f034c3c469/bam/pacbio/GREGoR_test-003-002-1.bai"
        }
    },
    {
        "model": "experiments.aligned",
        "pk": "aligned_rna_short_read.UCI_GREGoR_test-001-001-0_RNA-Aligned-1",
        "fields": {
            "table_name": "aligned_rna_short_read",
            "id_in_table": "UCI_GREGoR_test-001-001-0_RNA-Aligned-1",
            "participant_id": "GREGoR_test-001-001-0",
            "aligned_file": "gs://fc-secure-e3641cc8-359e-4504-97ff-51d8d9580f55/cram/RNA/UCI_GREGoR_test-001-001-0_RNA-Aligned.cram",
            "aligned_index_file": "gs://fc-secure-e3641cc8-359e-4504-97ff-51d8d9580f55/cram/RNA/UCI_GREGoR_test-001-001-0_RNA-Aligned.cram.crai"
        }
    },
    {
        "model": "experiments.experimentdnashortread",
        "pk": "UCI_GREGoR_test-001-001-0-R-1_DNA_1",
        "fields": {
            "analyte_id": "GREGoR_test-001-001-0-R-1",
            "experiment_sample_id": "UCI_GREGoR_test-001-001-0-R-1_DNA_1",
            "seq_library_prep_kit_method": "IDT xGen DNA EZ library preparation, Custom 2S Turbo for Invitae",
            "read_length": 150,
            "experiment_type": "genome",
            "targeted_regions_method": "",
            "targeted_region_bed_file": "",
            "date_data_generation": "2022-12-29",
            "target_insert_size": 150,
            "sequencing_platform": "NovaSeq",
            "sequencing_event_details": ""
        }
    },
    {
        "model": "experiments.experimentdnashortread",
        "pk": "UCI_GREGoR_test-001-002-0-R-1_DNA_1",
        "fields": {
            "analyte_id": "GREGoR_test-001-002-0-R-1",
            "experiment_sample_id": "UCI_GREGoR_test-001-002-0-R-1_DNA_1",
            "seq_library_prep_kit_method": "IDT xGen DNA EZ library preparation, Custom 2S Turbo for Invitae",
            "read_length": 150,
            "experiment_type": "genome",
            "targeted_regions_method": "",
            "targeted_region_bed_file": "",
            "date_data_generation": "2022-07-06",
            "target_insert_size": 150,
            "sequencing_platform": "NovaSeq",
            "sequencing_event_details": ""
        }
    },
    {
        "model": "experiments.experimentdnashortread",
        "pk": "UCI_GREGoR_test-001-003-0_DNA",
        "fields": {
            "analyte_id": "GREGoR_test-001-003-0-R-1",
            "experiment_sample_id": "UCI_GREGoR_test-001-003-0_DNA",
            "seq_library_prep_kit_method": "IDT xGen DNA EZ library preparation, Custom 2S Turbo for Invitae",
            "read_length": 150,
            "experiment_type": "genome",
            "targeted_regions_method": "",
            "targeted_region_bed_file": "",
            "date_data_generation": "2022-05-03",
            "target_insert_size": 150,
            "sequencing_platform": "NovaSeq",
            "sequencing_event_details": ""
        }
    },
    {
        "model": "experiments.experimentdnashortread",
        "pk": "UCI_GREGoR_test-001-003-0_DNA_1",
        "fields": {
            "analyte_id": "GREGoR_test-001-003-0-R-1",
            "experiment_sample_id": "UCI_GREGoR_test-001-003-0_DNA",
            "seq_library_prep_kit_method": "IDT xGen DNA EZ library preparation, Custom 2S Turbo for Invitae",
            "read_length": 150,
            "experiment_type": "genome",
            "targeted_regions_method": "",
            "targeted_region_bed_file": "",
            "date_data_generation": "2022-05-03",
            "target_insert_size": 150,
            "sequencing_platform": "NovaSeq",
            "sequencing_event_details": ""
        }
    },
    {
        "model": "experiments.experimentdnashortread",
        "pk": "UCI_GREGoR_test-002-001-2-R-1_DNA_1",
        "fields": {
            "analyte_id": "GREGoR_test-002-001-2-R-1",
            "experiment_sample_id": "UCI_GREGoR_test-002-001-2-R-1_DNA_2",
            "seq_library_prep_kit_method": "IDT xGen DNA EZ library preparation, Custom 2S Turbo for Invitae",
            "read_length": 150,
            "experiment_type": "genome",
            "targeted_regions_method": "",
            "targeted_region_bed_file": "",
            "date_data_generation": "2022-12-29",
            "target_insert_size": 150,
            "sequencing_platform": "NovaSeq",
            "sequencing_event_details": ""
        }
    },
    {
        "model": "experiments.experimentdnashortread",
        "pk": "UCI_GREGoR_test-002-002-2-R-1_DNA_1",
        "fields": {
            "analyte_id": "GREGoR_test-002-002-2-R-1",
            "experiment_sample_id": "GREGoR_test-002-002-2-R-1_DNA_1",
            "seq_library_prep_kit_method": "IDT xGen DNA EZ library preparation, Custom 2S Turbo for Invitae",
            "read_length": 150,
            "experiment_type": "genome",
            "targeted_regions_method": "",
            "targeted_region_bed_file": "",
            "date_data_generation": "2022-09-22",
            "target_insert_size": 150,
            "sequencing_platform": "NovaSeq",
            "sequencing_event_details": ""
        }
    },
    {
        "model": "experiments.experimentdnashortread",
        "pk": "UCI_GREGoR_test-002-003-1_DNA",
        "fields": {
            "analyte_id": "GREGoR_test-002-003-1-R-1",
            "experiment_sample_id": "UCI_GREGoR_test-002-003-1_DNA",
            "seq_library_prep_kit_method": "IDT xGen DNA EZ library preparation, Custom 2S Turbo for Invitae",
            "read_length": 150,
            "experiment_type": "genome",
            "targeted_regions_method": "",
            "targeted_region_bed_file": "",
            "date_data_generation": "2022-05-26",
            "target_insert_size": 150,
            "sequencing_platform": "NovaSeq",
            "sequencing_event_details": ""
        }
    },
    {
        "model": "experiments.experimentdnashortread",
        "pk": "UCI_GREGoR_test-002-003-1_DNA_1",
        "fields": {
            "analyte_id": "GREGoR_test-002-003-1-R-1",
            "experiment_sample_id": "UCI_GREGoR_test-002-003-1_DNA",
            "seq_library_prep_kit_method": "IDT xGen DNA EZ library preparation, Custom 2S Turbo for Invitae",
            "read_length": 150,
            "experiment_type": "genome",
            "targeted_regions_method": "",
            "targeted_region_bed_file": "",
            "date_data_generation": "2022-05-26",
            "target_insert_size": 150,
            "sequencing_platform": "NovaSeq",
            "sequencing_event_details": ""
        }
    },
    {
        "model": "experiments.experimentdnashortread",
        "pk": "UCI_GREGoR_test-003-001-2-R-1_DNA_1",
        "fields": {
            "analyte_id": "GREGoR_test-003-001-1-R-1",
            "experiment_sample_id": "UCI_GREGoR_test-003-001-3-R-1_DNA_3",
            "seq_library_prep_kit_method": "IDT xGen DNA EZ library preparation, Custom 2S Turbo for Invitae",
            "read_length": 150,
            "experiment_type": "genome",
            "targeted_regions_method": "",
            "targeted_region_bed_file": "",
            "date_data_generation": "2022-12-29",
            "target_insert_size": 150,
            "sequencing_platform": "NovaSeq",
            "sequencing_event_details": ""
        }
    },
    {
        "model": "experiments.experimentdnashortread",
        "pk": "UCI_GREGoR_test-003-002-1-R-1_DNA_1",
        "fields": {
            "analyte_id": "GREGoR_test-003-002-1-R-1",
            "experiment_sample_id": "UCI_GREGoR_test-002-002-2-R-1_DNA_1",
            "seq_library_prep_kit_method": "IDT xGen DNA EZ library preparation, Custom 2S Turbo for Invitae",
            "read_length": 150,
            "experiment_type": "genome",
            "targeted_regions_method": "",
            "targeted_region_bed_file": "",
            "date_data_generation": "2022-07-06",
            "target_insert_size": 150,
            "sequencing_platform": "NovaSeq",
            "sequencing_event_details": ""
        }
    },
    {
        "model": "experiments.experimentdnashortread",
        "pk": "UCI_GREGoR_test-003-003-2_DNA",
        "fields": {
            "analyte_id": "GREGoR_test-003-003-2-R-1",
            "experiment_sample_id": "UCI_GREGoR_test-003-003-2_DNA",
            "seq_library_prep_kit_method": "IDT xGen DNA EZ library preparation, Custom 2S Turbo for Invitae",
            "read_length": 150,
            "experiment_type": "genome",
            "targeted_regions_method": "",
            "targeted_region_bed_file": "",
            "date_data_generation": "2022-05-03",
            "target_insert_size": 150,
            "sequencing_platform": "NovaSeq",
            "sequencing_event_details": ""
        }
    },
    {
        "model": "experiments.experimentdnashortread",
        "pk": "UCI_GREGoR_test-003-003-2_DNA_1",
        "fields": {
            "analyte_id": "GREGoR_test-003-003-2-R-1",
            "experiment_sample_id": "UCI_GREGoR_test-003-003-2_DNA",
            "seq_library_prep_kit_method": "IDT xGen DNA EZ library preparation, Custom 2S Turbo for Invitae",
            "read_length": 150,
            "experiment_type": "genome",
            "targeted_regions_method": "",
            "targeted_region_bed_file": "",
            "date_data_generation": "2022-05-03",
            "target_insert_size": 150,
            "sequencing_platform": "NovaSeq",
            "sequencing_event_details": ""
        }
    },
    {
        "model": "experiments.aligneddnashortread",
        "pk": "UCI_GREGoR_test-001-001-0-R-1_DNA_1-Aligned-1",
        "fields": {
            "experiment_dna_short_read_id": "UCI_GREGoR_test-001-001-0-R-1_DNA_1",
            "aligned_dna_short_read_file": "gs://fc-secure-3cbd4d3d-7331-46f9-a98f-ebba0a894562/cram/UCI_GREGoR_test-002-001-2-R-1_DNA.cram",
            "aligned_dna_short_read_index_file": "gs://fc-secure-3cbd4d3d-7331-46f9-a98f-ebba0a894562/cram/UCI_GREGoR_test-002-001-2-R-1_DNA.crai",
            "md5sum": "615fb1d2d88635b7461fd4c978bbc64a",
            "reference_assembly": "GRCh38",
            "reference_assembly_uri": "ftp://ftp.ncbi.nlm.nih.gov/genomes/all/GCA/000/001/405/GCA_000001405.15_GRCh38/seqs_for_alignment_pipelines.ucsc_ids/GCA_000001405.15_GRCh38_no_alt_analysis_set.fna.gz",
            "reference_assembly_details": "GRCh38, no alts",
            "alignment_software": "bwa 0.7.17",
            "mean_coverage": null,
            "analysis_details": "Raw reads were trimmed with fastp 0.23.2 and aligned to GRCh38 (no alts) with bwa 0.7.17. Duplicates were marked and removed with GATK 4.3.0 MarkDuplicates, and BQSR was applied. Mean depth was computed with somalier 0.2.16.",
            "quality_issues": ""
        }
    },
    {
        "model": "experiments.aligneddnashortread",
        "pk": "UCI_GREGoR_test-001-002-0-R-1_DNA_1-Aligned-1",
        "fields": {
            "experiment_dna_short_read_id": "UCI_GREGoR_test-001-002-0-R-1_DNA_1",
            "aligned_dna_short_read_file": "gs://fc-secure-be182c9d-e20a-43aa-b158-39113ea47705/cram/UCI_GREGoR_test-001-002-0-R-1_DNA_1-Aligned-1.cram",
            "aligned_dna_short_read_index_file": "gs://fc-secure-be182c9d-e20a-43aa-b158-39113ea47705/cram/UCI_GREGoR_test-001-002-0-R-1_DNA_1-Aligned-1.crai",
            "md5sum": "db2b05c08732d8fac11f1089a88374cb",
            "reference_assembly": "GRCh38",
            "reference_assembly_uri": "ftp://ftp.ncbi.nlm.nih.gov/genomes/all/GCA/000/001/405/GCA_000001405.15_GRCh38/seqs_for_alignment_pipelines.ucsc_ids/GCA_000001405.15_GRCh38_no_alt_analysis_set.fna.gz",
            "reference_assembly_details": "GRCh38, no alts",
            "alignment_software": "bwa 0.7.17",
            "mean_coverage": null,
            "analysis_details": "Raw reads were trimmed with fastp 0.23.2 and aligned to GRCh38 (no alts) with bwa 0.7.17. Duplicates were marked and removed with GATK 4.3.0 MarkDuplicates, and BQSR was applied. Mean depth was computed with somalier 0.2.16.",
            "quality_issues": null
        }
    },
    {
        "model": "experiments.aligneddnashortread",
        "pk": "UCI_GREGoR_test-001-003-0_DNA_1-Aligned-1",
        "fields": {
            "experiment_dna_short_read_id": "UCI_GREGoR_test-001-003-0_DNA_1",
            "aligned_dna_short_read_file": "gs://fc-secure-be182c9d-e20a-43aa-b158-39113ea47705/cram/GREGoR_test-001-003-0_GREGoR_test-001-003-0-R-1_SQ6106.cram",
            "aligned_dna_short_read_index_file": "gs://fc-secure-be182c9d-e20a-43aa-b158-39113ea47705/cram/GREGoR_test-001-003-0_GREGoR_test-001-003-0-R-1_SQ6106.crai",
            "md5sum": "f7aa20168f37eb4998ece4ca763a81a8",
            "reference_assembly": "GRCh38",
            "reference_assembly_uri": "ftp://ftp.ncbi.nlm.nih.gov/genomes/all/GCA/000/001/405/GCA_000001405.15_GRCh38/seqs_for_alignment_pipelines.ucsc_ids/GCA_000001405.15_GRCh38_no_alt_analysis_set.fna.gz",
            "reference_assembly_details": "GRCh38, no alts",
            "alignment_software": "bwa 0.7.17",
            "mean_coverage": null,
            "analysis_details": "Raw reads were trimmed with fastp 0.23.2 and aligned to GRCh38 (no alts) with bwa 0.7.17. Duplicates were marked and removed with GATK 4.3.0 MarkDuplicates, and BQSR was applied. Mean depth was computed with somalier 0.2.16.",
            "quality_issues": null
        }
    },
    {
        "model": "experiments.aligneddnashortread",
        "pk": "UCI_GREGoR_test-002-001-2-R-1_DNA_1-Aligned_1",
        "fields": {
            "experiment_dna_short_read_id": "UCI_GREGoR_test-002-001-2-R-1_DNA_1",
            "aligned_dna_short_read_file": "gs://fc-secure-3cbd4d3d-7331-46f9-a98f-ebba0a894562/cram/UCI_GREGoR_test-002-001-2-R-1_DNA.cram",
            "aligned_dna_short_read_index_file": "gs://fc-secure-3cbd4d3d-7331-46f9-a98f-ebba0a894562/cram/UCI_GREGoR_test-002-001-2-R-1_DNA.crai",
            "md5sum": "70754026de72938744accd00e32ea0dd",
            "reference_assembly": "GRCh38",
            "reference_assembly_uri": "ftp://ftp.ncbi.nlm.nih.gov/genomes/all/GCA/000/001/405/GCA_000001405.15_GRCh38/seqs_for_alignment_pipelines.ucsc_ids/GCA_000001405.15_GRCh38_no_alt_analysis_set.fna.gz",
            "reference_assembly_details": "GRCh38, no alts",
            "alignment_software": "bwa 0.7.17",
            "mean_coverage": null,
            "analysis_details": "Raw reads were trimmed with fastp 0.23.2 and aligned to GRCh38 (no alts) with bwa 0.7.17. Duplicates were marked and removed with GATK 4.3.0 MarkDuplicates, and BQSR was applied. Mean depth was computed with somalier 0.2.16.",
            "quality_issues": null
        }
    },
    {
        "model": "experiments.aligneddnashortread",
        "pk": "UCI_GREGoR_test-002-002-2-R-1_DNA_1-Aligned-1",
        "fields": {
            "experiment_dna_short_read_id": "UCI_GREGoR_test-002-002-2-R-1_DNA_1",
            "aligned_dna_short_read_file": "gs://fc-secure-be182c9d-e20a-43aa-b158-39113ea47705/cram/UCI_GREGoR_test-002-002-2-R-1_DNA_1-Aligned-1.cram",
            "aligned_dna_short_read_index_file": "gs://fc-secure-be182c9d-e20a-43aa-b158-39113ea47705/cram/UCI_GREGoR_test-002-002-2-R-1_DNA_1-Aligned-1.crai",
            "md5sum": "9dc8fda6c177a94aa5ae4d2c19721c3d",
            "reference_assembly": "GRCh38",
            "reference_assembly_uri": "ftp://ftp.ncbi.nlm.nih.gov/genomes/all/GCA/000/001/405/GCA_000001405.15_GRCh38/seqs_for_alignment_pipelines.ucsc_ids/GCA_000001405.15_GRCh38_no_alt_analysis_set.fna.gz",
            "reference_assembly_details": "GRCh38, no alts",
            "alignment_software": "bwa 0.7.17",
            "mean_coverage": null,
            "analysis_details": "Raw reads were trimmed with fastp 0.23.2 and aligned to GRCh38 (no alts) with bwa 0.7.17. Duplicates were marked and removed with GATK 4.3.0 MarkDuplicates, and BQSR was applied. Mean depth was computed with somalier 0.2.16.",
            "quality_issues": null
        }
    },
    {
        "model": "experiments.aligneddnashortread",
        "pk": "UCI_GREGoR_test-002-003-1_DNA_1-Aligned-1",
        "fields": {
            "experiment_dna_short_read_id": "UCI_GREGoR_test-002-003-1_DNA_1",
            "aligned_dna_short_read_file": "gs://fc-secure-be182c9d-e20a-43aa-b158-39113ea47705/cram/GREGoR_test-002-003-1_GREGoR_test-002-003-1-R-1_SQ6125.cram",
            "aligned_dna_short_read_index_file": "gs://fc-secure-be182c9d-e20a-43aa-b158-39113ea47705/cram/GREGoR_test-002-003-1_GREGoR_test-002-003-1-R-1_SQ6125.crai",
            "md5sum": "2c509adc50e9edf16bc24ed03707f252",
            "reference_assembly": "GRCh38",
            "reference_assembly_uri": "ftp://ftp.ncbi.nlm.nih.gov/genomes/all/GCA/000/001/405/GCA_000001405.15_GRCh38/seqs_for_alignment_pipelines.ucsc_ids/GCA_000001405.15_GRCh38_no_alt_analysis_set.fna.gz",
            "reference_assembly_details": "GRCh38, no alts",
            "alignment_software": "bwa 0.7.17",
            "mean_coverage": null,
            "analysis_details": "Raw reads were trimmed with fastp 0.23.2 and aligned to GRCh38 (no alts) with bwa 0.7.17. Duplicates were marked and removed with GATK 4.3.0 MarkDuplicates, and BQSR was applied. Mean depth was computed with somalier 0.2.16.",
            "quality_issues": null
        }
    },
    {
        "model": "experiments.aligneddnashortread",
        "pk": "UCI_GREGoR_test-003-001-2-R-1_DNA_1-Aligned_1",
        "fields": {
            "experiment_dna_short_read_id": "UCI_GREGoR_test-003-001-2-R-1_DNA_1",
            "aligned_dna_short_read_file": "gs://fc-secure-3cbd4d3d-7331-46f9-a98f-ebba0a894562/cram/UCI_GREGoR_test-003-001-1-R-1_DNA.cram",
            "aligned_dna_short_read_index_file": "gs://fc-secure-3cbd4d3d-7331-46f9-a98f-ebba0a894562/cram/UCI_GREGoR_test-003-001-1-R-1_DNA.crai",
            "md5sum": "19f4add867068bee89befdd359cf5b65",
            "reference_assembly": "GRCh38",
            "reference_assembly_uri": "ftp://ftp.ncbi.nlm.nih.gov/genomes/all/GCA/000/001/405/GCA_000001405.15_GRCh38/seqs_for_alignment_pipelines.ucsc_ids/GCA_000001405.15_GRCh38_no_alt_analysis_set.fna.gz",
            "reference_assembly_details": "GRCh38, no alts",
            "alignment_software": "bwa 0.7.17",
            "mean_coverage": null,
            "analysis_details": "Raw reads were trimmed with fastp 0.23.2 and aligned to GRCh38 (no alts) with bwa 0.7.17. Duplicates were marked and removed with GATK 4.3.0 MarkDuplicates, and BQSR was applied. Mean depth was computed with somalier 0.2.16.",
            "quality_issues": null
        }
    },
    {
        "model": "experiments.aligneddnashortread",
        "pk": "UCI_GREGoR_test-003-002-1-R-1_DNA_1-Aligned-1",
        "fields": {
            "experiment_dna_short_read_id": "UCI_GREGoR_test-003-002-1-R-1_DNA_1",
            "aligned_dna_short_read_file": "gs://fc-secure-be182c9d-e20a-43aa-b158-39113ea47705/cram/UCI_GREGoR_test-003-002-1-R-1_DNA_1-Aligned-1.cram",
            "aligned_dna_short_read_index_file": "gs://fc-secure-be182c9d-e20a-43aa-b158-39113ea47705/cram/UCI_GREGoR_test-003-002-1-R-1_DNA_1-Aligned-1.crai",
            "md5sum": "d40d08e98a441d285bc63cbf4797dbde",
            "reference_assembly": "GRCh38",
            "reference_assembly_uri": "ftp://ftp.ncbi.nlm.nih.gov/genomes/all/GCA/000/001/405/GCA_000001405.15_GRCh38/seqs_for_alignment_pipelines.ucsc_ids/GCA_000001405.15_GRCh38_no_alt_analysis_set.fna.gz",
            "reference_assembly_details": "GRCh38, no alts",
            "alignment_software": "bwa 0.7.17",
            "mean_coverage": null,
            "analysis_details": "Raw reads were trimmed with fastp 0.23.2 and aligned to GRCh38 (no alts) with bwa 0.7.17. Duplicates were marked and removed with GATK 4.3.0 MarkDuplicates, and BQSR was applied. Mean depth was computed with somalier 0.2.16.",
            "quality_issues": null
        }
    },
    {
        "model": "experiments.aligneddnashortread",
        "pk": "UCI_GREGoR_test-003-003-2_DNA_1-Aligned-1",
        "fields": {
            "experiment_dna_short_read_id": "UCI_GREGoR_test-003-003-2_DNA_1",
            "aligned_dna_short_read_file": "gs://fc-secure-be182c9d-e20a-43aa-b158-39113ea47705/cram/GREGoR_test-003-003-2_GREGoR_test-003-003-2-R-1_SQ6061.cram",
            "aligned_dna_short_read_index_file": "gs://fc-secure-be182c9d-e20a-43aa-b158-39113ea47705/cram/GREGoR_test-003-003-2_GREGoR_test-003-003-2-R-1_SQ6061.crai",
            "md5sum": "dd00a98284dc3b225ad0a8139b00a16e",
            "reference_assembly": "GRCh38",
            "reference_assembly_uri": "ftp://ftp.ncbi.nlm.nih.gov/genomes/all/GCA/000/001/405/GCA_000001405.15_GRCh38/seqs_for_alignment_pipelines.ucsc_ids/GCA_000001405.15_GRCh38_no_alt_analysis_set.fna.gz",
            "reference_assembly_details": "GRCh38, no alts",
            "alignment_software": "bwa 0.7.17",
            "mean_coverage": null,
            "analysis_details": "Raw reads were trimmed with fastp 0.23.2 and aligned to GRCh38 (no alts) with bwa 0.7.17. Duplicates were marked and removed with GATK 4.3.0 MarkDuplicates, and BQSR was applied. Mean depth was computed with somalier 0.2.16.",
            "quality_issues": null
        }
    },
    {
        "model": "experiments.librarypreptype",
        "pk": 1,
        "fields": {
            "name": "stranded poly-A pulldown",
            "display_name": "stranded poly-A pulldown"
        }
    },
    {
        "model": "experiments.librarypreptype",
        "pk": 2,
        "fields": {
            "name": "stranded total RNA",
            "display_name": "stranded total RNA"
        }
    },
    {
        "model": "experiments.librarypreptype",
        "pk": 3,
        "fields": {
            "name": "rRNA depletion",
            "display_name": "rRNA depletion"
        }
    },
    {
        "model": "experiments.librarypreptype",
        "pk": 4,
        "fields": {
            "name": "globin depletion",
            "display_name": "globin depletion"
        }
    },
    {
        "model": "experiments.experimenttype",
        "pk": 1,
        "fields": {
            "name": "single-end",
            "display_name": "single-end"
        }
    },
    {
        "model": "experiments.experimenttype",
        "pk": 2,
        "fields": {
            "name": "paired-end",
            "display_name": "paired-end"
        }
    },
    {
        "model": "experiments.experimenttype",
        "pk": 3,
        "fields": {
            "name": "targeted",
            "display_name": "targeted"
        }
    },
    {
        "model": "experiments.experimenttype",
        "pk": 4,
        "fields": {
            "name": "untargeted",
            "display_name": "untargeted"
        }
    },
    {
        "model": "experiments.experimentrnashortread",
        "pk": "UCI_GREGoR_test-001-001-0_RNA",
        "fields": {
            "analyte_id": "GREGoR_test-001-001-0-R-2",
            "experiment_sample_id": "UCI_GREGoR_test-001-001-0_RNA",
            "seq_library_prep_kit_method": "Watchmaker ribosomal and globin depletion",
            "read_length": 150,
            "single_or_paired_ends": "paired-end",
            "date_data_generation": "2023-03-18",
            "sequencing_platform": "NovaSeq",
            "within_site_batch_name": "RNA 2A",
            "RIN": null,
            "estimated_library_size": null,
            "total_reads": 240349679.0,
            "percent_rRNA": null,
            "percent_mRNA": null,
            "percent_mtRNA": null,
            "percent_Globin": null,
            "percent_UMI": null,
            "five_prime_three_prime_bias": null,
            "percent_GC": null,
            "percent_chrX_Y": null,
            "library_prep_type": [
                3,
                4
            ],
            "experiment_type": [
                2,
                4
            ]
        }
    },
    {
        "model": "experiments.alignedrnashortread",
        "pk": "UCI_GREGoR_test-001-001-0_RNA-Aligned-1",
        "fields": {
            "experiment_rna_short_read_id": "UCI_GREGoR_test-001-001-0_RNA",
            "aligned_rna_short_read_file": "gs://fc-secure-e3641cc8-359e-4504-97ff-51d8d9580f55/cram/RNA/UCI_GREGoR_test-001-001-0_RNA-Aligned.cram",
            "aligned_rna_short_read_index_file": "gs://fc-secure-e3641cc8-359e-4504-97ff-51d8d9580f55/cram/RNA/UCI_GREGoR_test-001-001-0_RNA-Aligned.cram.crai",
            "md5sum": "25129ce37d1d28d765074f50e7a49660",
            "reference_assembly": "GRCh38",
            "reference_assembly_uri": "http://ftp.1000genomes.ebi.ac.uk/vol1/ftp/technical/reference/GRCh38_reference_genome/GRCh38_full_analysis_set_plus_decoy_hla.fa",
            "reference_assembly_details": null,
            "gene_annotation": "GENCODEv41",
            "gene_annotation_details": "gencode_comprehensive_chr",
            "alignment_software": "STARv2.7.10a",
            "alignment_log_file": null,
            "alignment_postprocessing": null,
            "mean_coverage": null,
            "percent_uniquely_aligned": null,
            "percent_multimapped": null,
            "percent_unaligned": null,
            "quality_issues": null
        }
    },
    {
        "model": "experiments.experimentnanopore",
        "pk": "UCI_GREGoR_test-001-003-0_NANO_1",
        "fields": {
            "analyte_id": "GREGoR_test-001-003-0-R-3",
            "experiment_sample_id": "UCI_GREGoR_test-001-003-0_NANO_1",
            "seq_library_prep_kit_method": "Kit 14",
            "fragmentation_method": null,
            "experiment_type": "genome",
            "targeted_regions_method": null,
            "targeted_region_bed_file": null,
            "date_data_generation": "2023-10-10",
            "sequencing_platform": "Oxford Nanopore PromethION 48",
            "chemistry_type": "R10.4.1",
            "was_barcoded": false,
            "barcode_kit": null
        }
    },
    {
        "model": "experiments.experimentnanopore",
        "pk": "UCI_GREGoR_test-003-003-2_NANO_1",
        "fields": {
            "analyte_id": "GREGoR_test-003-003-2-R-3",
            "experiment_sample_id": "UCI_GREGoR_test-003-003-2_NANO_1",
            "seq_library_prep_kit_method": "Kit 14",
            "fragmentation_method": null,
            "experiment_type": "genome",
            "targeted_regions_method": null,
            "targeted_region_bed_file": null,
            "date_data_generation": "2023-10-10",
            "sequencing_platform": "Oxford Nanopore PromethION 48",
            "chemistry_type": "R10.4.1",
            "was_barcoded": false,
            "barcode_kit": null
        }
    },
    {
        "model": "experiments.alignednanopore",
        "pk": "UCI_GREGoR_test-001-003-0_NANO_1-Aligned-1",
        "fields": {
            "experiment_nanopore_id": "UCI_GREGoR_test-001-003-0_NANO_1",
            "aligned_nanopore_file": "gs://fc-secure-1b1e1ff4-3496-466f-8952-12f034c3c469/bam/nanopore/GREGoR_test-001-003-0-R-3.bam",
            "aligned_nanopore_index_file": "gs://fc-secure-1b1e1ff4-3496-466f-8952-12f034c3c469/bam/nanopore/GREGoR_test-001-003-0-R-3.bai",
            "md5sum": "ddc246dee454c5b74837aba8ff44c61e",
            "reference_assembly": "GRCh38_noalt",
            "alignment_software": "Minimap2-2.23-r1111",
            "analysis_details": null,
            "mean_coverage": null,
            "genome_coverage": null,
            "contamination": null,
            "sex_concordance": null,
            "num_reads": null,
            "num_bases": null,
            "read_length_mean": null,
            "num_aligned_reads": null,
            "num_aligned_bases": null,
            "aligned_read_length_mean": null,
            "read_error_rate": null,
            "mapped_reads_pct": null,
            "methylation_called": true,
            "quality_issues": null
        }
    },
    {
        "model": "experiments.alignednanopore",
        "pk": "UCI_GREGoR_test-003-003-2_NANO_1-Aligned-1",
        "fields": {
            "experiment_nanopore_id": "UCI_GREGoR_test-003-003-2_NANO_1",
            "aligned_nanopore_file": "gs://fc-secure-1b1e1ff4-3496-466f-8952-12f034c3c469/bam/nanopore/GREGoR_test-003-003-2-R-3.bam",
            "aligned_nanopore_index_file": "gs://fc-secure-1b1e1ff4-3496-466f-8952-12f034c3c469/bam/nanopore/GREGoR_test-003-003-2-R-3.bai",
            "md5sum": "6de703ded5b577276144f38af92787b7",
            "reference_assembly": "GRCh38_noalt",
            "alignment_software": "Minimap2-2.23-r1111",
            "analysis_details": null,
            "mean_coverage": null,
            "genome_coverage": null,
            "contamination": null,
            "sex_concordance": null,
            "num_reads": null,
            "num_bases": null,
            "read_length_mean": null,
            "num_aligned_reads": null,
            "num_aligned_bases": null,
            "aligned_read_length_mean": null,
            "read_error_rate": null,
            "mapped_reads_pct": null,
            "methylation_called": true,
            "quality_issues": null
        }
    },
    {
        "model": "experiments.experimentpacbio",
        "pk": "UCI_GREGoR_test-001-002-0-R-2_PB",
        "fields": {
            "analyte_id": "GREGoR_test-001-002-0-R-2",
            "experiment_sample_id": "UCI-014",
            "seq_library_prep_kit_method": "SMRTbell prep kit 3.0",
            "fragmentation_method": "",
            "experiment_type": "genome",
            "targeted_regions_method": "",
            "targeted_region_bed_file": "",
            "date_data_generation": "2023-09-29",
            "sequencing_platform": "PacBio Revio",
            "was_barcoded": true,
            "barcode_kit": "",
            "application_kit": "",
            "smrtlink_server_version": "13.0.0.207600",
            "instrument_ics_version": "13.0.1.212553",
            "size_selection_method": "",
            "library_size": "",
            "smrt_cell_kit": "",
            "smrt_cell_id": "",
            "movie_name": "",
            "polymerase_kit": "",
            "sequencing_kit": "",
            "movie_length_hours": null,
            "includes_kinetics": false,
            "includes_CpG_methylation": false,
            "by_strand": false
        }
    },
    {
        "model": "experiments.experimentpacbio",
        "pk": "UCI_GREGoR_test-002-002-2-R-2_PB",
        "fields": {
            "analyte_id": "GREGoR_test-003-002-1-R-2",
            "experiment_sample_id": "UCI-068",
            "seq_library_prep_kit_method": "SMRTbell prep kit 3.0",
            "fragmentation_method": "",
            "experiment_type": "genome",
            "targeted_regions_method": "",
            "targeted_region_bed_file": "",
            "date_data_generation": "2023-09-29",
            "sequencing_platform": "PacBio Revio",
            "was_barcoded": true,
            "barcode_kit": "",
            "application_kit": "",
            "smrtlink_server_version": "12.0.0.176214",
            "instrument_ics_version": "12.0.4.197734",
            "size_selection_method": "",
            "library_size": "",
            "smrt_cell_kit": "",
            "smrt_cell_id": "",
            "movie_name": "",
            "polymerase_kit": "",
            "sequencing_kit": "",
            "movie_length_hours": null,
            "includes_kinetics": false,
            "includes_CpG_methylation": false,
            "by_strand": false
        }
    },
    {
        "model": "experiments.experimentpacbio",
        "pk": "UCI_GREGoR_test-003-002-1-R-2_PB",
        "fields": {
            "analyte_id": "GREGoR_test-003-002-1-R-2",
            "experiment_sample_id": "UCI-056",
            "seq_library_prep_kit_method": "SMRTbell prep kit 3.0",
            "fragmentation_method": "",
            "experiment_type": "genome",
            "targeted_regions_method": "",
            "targeted_region_bed_file": "",
            "date_data_generation": "2023-09-29",
            "sequencing_platform": "PacBio Revio",
            "was_barcoded": true,
            "barcode_kit": "",
            "application_kit": "",
            "smrtlink_server_version": "12.0.0.176214",
            "instrument_ics_version": "12.0.4.197734",
            "size_selection_method": "",
            "library_size": "",
            "smrt_cell_kit": "",
            "smrt_cell_id": "",
            "movie_name": "",
            "polymerase_kit": "",
            "sequencing_kit": "",
            "movie_length_hours": null,
            "includes_kinetics": false,
            "includes_CpG_methylation": false,
            "by_strand": false
        }
    },
    {
        "model": "experiments.alignedpacbio",
        "pk": "UCI_GREGoR_test-001-002-0-R-2_PB-Aligned-1",
        "fields": {
            "experiment_pac_bio_id": "UCI_GREGoR_test-001-002-0-R-2_PB",
            "aligned_pac_bio_file": "gs://fc-secure-1b1e1ff4-3496-466f-8952-12f034c3c469/bam/pacbio/GREGoR_test-001-002-0.bam",
            "aligned_pac_bio_index_file": "gs://fc-secure-1b1e1ff4-3496-466f-8952-12f034c3c469/bam/pacbio/GREGoR_test-001-002-0.bai",
            "md5sum": "6e06cbe92700dfc5cd7ad07d7f6d3b8a",
            "reference_assembly": "GRCh38_noalt",
            "alignment_software": "pbmm2 v1.10.0",
            "analysis_details": null,
            "mean_coverage": null,
            "genome_coverage": null,
            "contamination": null,
            "sex_concordance": null,
            "num_reads": null,
            "num_bases": null,
            "read_length_mean": null,
            "num_aligned_reads": null,
            "num_aligned_bases": null,
            "aligned_read_length_mean": null,
            "read_error_rate": null,
            "mapped_reads_pct": null,
            "methylation_called": true
        }
    },
    {
        "model": "experiments.alignedpacbio",
        "pk": "UCI_GREGoR_test-002-002-2-R-2_PB-Aligned-1",
        "fields": {
            "experiment_pac_bio_id": "UCI_GREGoR_test-002-002-2-R-2_PB",
            "aligned_pac_bio_file": "gs://fc-secure-1b1e1ff4-3496-466f-8952-12f034c3c469/bam/pacbio/GREGoR_test-002-002-2.bam",
            "aligned_pac_bio_index_file": "gs://fc-secure-1b1e1ff4-3496-466f-8952-12f034c3c469/bam/pacbio/GREGoR_test-002-002-2.bai",
            "md5sum": "1e4020ccca6fe9c93c64747afa59eff1",
            "reference_assembly": "GRCh38_noalt",
            "alignment_software": "pbmm2 v1.10.0",
            "analysis_details": null,
            "mean_coverage": null,
            "genome_coverage": null,
            "contamination": null,
            "sex_concordance": null,
            "num_reads": null,
            "num_bases": null,
            "read_length_mean": null,
            "num_aligned_reads": null,
            "num_aligned_bases": null,
            "aligned_read_length_mean": null,
            "read_error_rate": null,
            "mapped_reads_pct": null,
            "methylation_called": true
        }
    },
    {
        "model": "experiments.alignedpacbio",
        "pk": "UCI_GREGoR_test-003-002-1-R-2_PB-Aligned-1",
        "fields": {
            "experiment_pac_bio_id": "UCI_GREGoR_test-003-002-1-R-2_PB",
            "aligned_pac_bio_file": "gs://fc-secure-1b1e1ff4-3496-466f-8952-12f034c3c469/bam/pacbio/GREGoR_test-003-002-1.bam",
            "aligned_pac_bio_index_file": "gs://fc-secure-1b1e1ff4-3496-466f-8952-12f034c3c469/bam/pacbio/GREGoR_test-003-002-1.bai",
            "md5sum": "727f9869058ef757cc3ff66503f1e036",
            "reference_assembly": "GRCh38_noalt",
            "alignment_software": "pbmm2 v1.10.0",
            "analysis_details": null,
            "mean_coverage": null,
            "genome_coverage": null,
            "contamination": null,
            "sex_concordance": null,
            "num_reads": null,
            "num_bases": null,
            "read_length_mean": null,
            "num_aligned_reads": null,
            "num_aligned_bases": null,
            "aligned_read_length_mean": null,
            "read_error_rate": null,
            "mapped_reads_pct": null,
            "methylation_called": true
        }
    },
    {
        "model": "submodels.reportedrace",
        "pk": "American Indian or Alaska Native",
        "fields": {
            "description": "American Indian or Alaska Native"
        }
    },
    {
        "model": "submodels.reportedrace",
        "pk": "Asian",
        "fields": {
            "description": "Asian"
        }
    },
    {
        "model": "submodels.reportedrace",
        "pk": "Black or African American",
        "fields": {
            "description": "Black or African American"
        }
    },
    {
        "model": "submodels.reportedrace",
        "pk": "Middle Eastern or North African",
        "fields": {
            "description": "Middle Eastern or North African"
        }
    },
    {
        "model": "submodels.reportedrace",
        "pk": "Native Hawaiian or Other Pacific Islander",
        "fields": {
            "description": "Native Hawaiian or Other Pacific Islander"
        }
    },
    {
        "model": "submodels.reportedrace",
        "pk": "White",
        "fields": {
            "description": "White"
        }
    },
    {
        "model": "submodels.twinid",
        "pk": "0",
        "fields": {}
    },
    {
        "model": "submodels.experimentid",
        "pk": "GREGoR_test-002-001-2-D-1.PB",
        "fields": {}
    },
    {
        "model": "submodels.alignedid",
        "pk": "GREGoR_test-002-001-2-D-1.PB.aligned",
        "fields": {}
    },
    {
        "model": "metadata.biobank",
        "pk": "GREGoR_test-001-001-0-D-1",
        "fields": {
            "participant_id": "GREGoR_test-001-001-0",
            "collection_date": "2025-04-11",
            "specimen_type": "D",
            "current_location": "UCI",
            "freezer_id": "Boris Yeltsin",
            "shelf_id": "1",
            "rack_id": "EDTA Frozen Blood rack 1",
            "box_type": "9x9 cryobox",
            "box_id": "1",
            "box_position": "A1",
            "tube_barcode": null,
            "plate_barcode": null,
            "status": "Stored",
            "shipment_date": null,
            "child_analytes": [],
            "comments": null
        }
    },
    {
        "model": "metadata.biobank",
        "pk": "GREGoR_test-001-001-0-D-2",
        "fields": {
            "participant_id": "GREGoR_test-001-001-0",
            "collection_date": "2025-04-11",
            "specimen_type": "D",
            "current_location": "UCI",
            "freezer_id": "Boris Yeltsin",
            "shelf_id": "1",
            "rack_id": "EDTA Frozen Blood rack 1",
            "box_type": "9x9 cryobox",
            "box_id": "1",
            "box_position": "A2",
            "tube_barcode": null,
            "plate_barcode": null,
            "status": "Stored",
            "shipment_date": null,
            "child_analytes": [],
            "comments": null
        }
    },
    {
        "model": "metadata.biobank",
        "pk": "GREGoR_test-001-001-0-D-3",
        "fields": {
            "participant_id": "GREGoR_test-001-001-0",
            "collection_date": "2025-04-11",
            "specimen_type": "D",
            "current_location": "UCI",
            "freezer_id": "Boris Yeltsin",
            "shelf_id": "1",
            "rack_id": "EDTA Frozen Blood rack 1",
            "box_type": "9x9 cryobox",
            "box_id": "1",
            "box_position": "A3",
            "tube_barcode": "0660723527",
            "plate_barcode": "A123",
            "status": "Stored",
            "shipment_date": null,
            "child_analytes": [],
            "comments": null
        }
    },
    {
        "model": "metadata.biobank",
        "pk": "GREGoR_test-001-001-0-R-1",
        "fields": {
            "participant_id": "GREGoR_test-001-001-0",
            "collection_date": "2025-04-11",
            "specimen_type": "R",
            "current_location": "UCI",
            "freezer_id": "Boris Yeltsin",
            "shelf_id": "1",
            "rack_id": "PAX RNA rack 1",
            "box_type": "8x12 metal rack",
            "box_id": "12",
            "box_position": "A1",
            "tube_barcode": null,
            "plate_barcode": null,
            "status": "Stored",
            "shipment_date": null,
            "child_analytes": [],
            "comments": null
        }
    },
    {
        "model": "metadata.biobank",
        "pk": "GREGoR_test-002-001-2-R-1",
        "fields": {
            "participant_id": "GREGoR_test-002-001-2",
            "collection_date": "2025-04-07",
            "specimen_type": "R",
            "current_location": "UCI",
            "freezer_id": "Boris Yeltsin",
            "shelf_id": "2",
            "rack_id": "PAX RNA rack 1",
            "box_type": "8x12 metal rack",
            "box_id": "5",
            "box_position": "I9",
            "tube_barcode": null,
            "plate_barcode": null,
            "status": "Stored",
            "shipment_date": "2025-04-11",
            "child_analytes": ["GREGoR_test-002-001-2-R-1"],
            "comments": null
        }
    },
    {
        "model": "metadata.experimentstage",
        "pk": "GREGoR_test-001-001-0-D-1",
        "fields": {
            "analyte_id": "GREGoR_test-001-001-0-D-1",
            "test_indication": null,
            "requested_test": null,
            "collection_date": "2025-01-03",
            "specimen_type": "D",
            "shipment_date": "2025-04-14",
            "status": "Stored",
            "current_location": "UCI",
            "tracking_number": null,
            "experiments": [],
            "alignments": [],
            "external_id": null,
            "comments": null,
            "internal_analysis": null
        }
    },
    {
        "model": "metadata.experimentstage",
        "pk": "GREGoR_test-002-001-2-D-1",
        "fields": {
            "analyte_id": "GREGoR_test-002-001-2-D-1",
            "test_indication": "Research",
            "requested_test": "10500",
            "collection_date": "2025-04-07",
            "specimen_type": "D",
            "shipment_date": "2025-04-11",
            "status": "Shipped",
            "current_location": "Ambry",
            "tracking_number": "777888999111",
            "experiments": ["GREGoR_test-002-001-2-D-1.PB"],
            "alignments": ["GREGoR_test-002-001-2-D-1.PB.aligned"],
            "external_id": "25-123456",
            "comments": null,
            "internal_analysis": "PacBio HiFi=human-WGS-WDL v2.1.0"
        }
    }
]